[
   {
      "area" : "基隆市成功一路、獅球路、光一、二路、華一、二、三、四、五、六街(含各巷弄)全部停水",
      "interval_from" : "2014-3-5T10:00+08",
      "interval_until" : "2014-3-5T17:00+08",
      "publish_area" : "200基隆市仁愛區",
      "publish_duration" : "2014-02-27/2015-03-05",
      "publish_from" : "2014-02-27",
      "publish_until" : "2015-03-05",
      "telephone" : "(02)24234195基隆服務所"
   },
   {
      "area" : "湖口鄉東興村中山路二、三段、和興村，新豐鄉福興村、後湖村全部地區，及湖口鄉德盛村部份地區停水。",
      "interval_from" : "2014-5-19T00+08",
      "interval_until" : "2014-5-23T止(每日上午9:至下午17時施工停水，下午17時後恢復供水)。+08",
      "publish_area" : "303新竹縣湖口鄉     304新竹縣新豐鄉",
      "publish_duration" : "2014-05-13/2014-05-27",
      "publish_from" : "2014-05-13",
      "publish_until" : "2014-05-27",
      "telephone" : "1910、湖口營運所03-5981603"
   },
   {
      "area" : "基隆市成功二路、中山一、二、三、四路、健民街、華興街、仁安街、太白街、光華路、安一路、定國街、新西街、安一路、西定路、通仁街、通明街、復旦路、中華路、協和街、文化路(含各巷弄) 全部停水.",
      "interval_from" : "2013-10-16T09:00+08",
      "interval_until" : "2013-10-16T15:00+08",
      "publish_area" : "203基隆市中山區",
      "publish_duration" : "2014-10-09/2014-10-16",
      "publish_from" : "2014-10-09",
      "publish_until" : "2014-10-16",
      "telephone" : "02-24245200"
   },
   {
      "area" : "【區域1】新北市林口區103年2月10日至103年3月31日(每日上午8時至下午18時):工四路及工五路(約100戶)。;103年4月1日至103年4月18日(每日上午8時至下午18時):工二路及工三路(約50戶)。;103年4月21日至103年5月19日(每日上午8時至下午18時):工七路及工八路(約50戶)。;103年5月20日至103年6月5日(每日上午8時至下午18時):粉寮路一段(約30戶)。",
      "interval_comment" : "(每日上午8時至下午18時)",
      "interval_from" : "2014-02-10T08:00+08",
      "interval_until" : "2014-06-05T18:00+08",
      "publish_area" : "244新北市林口區",
      "publish_duration" : "2014-01-17/2014-06-06",
      "publish_from" : "2014-01-17",
      "publish_until" : "2014-06-06",
      "telephone" : "免付費服務電話：1910  林口服務所:02-26030522"
   },
   {
      "area" : "【區域1】南投縣埔里鎮鐵山里、愛蘭里",
      "interval_comment" : "每日上午9點至下午6點(六日不施工)",
      "interval_from" : "2014-02-25T09:00+08",
      "interval_until" : "2014-09-30T18:00+08",
      "publish_area" : "545南投縣埔里鎮",
      "publish_duration" : "2014-02-25/2014-10-01",
      "publish_from" : "2014-02-25",
      "publish_until" : "2014-10-01",
      "telephone" : "049-2915176"
   },
   {
      "area" : "【區域1】南投縣水里鄉二坪路",
      "interval_comment" : "每日上午8點至下午6點",
      "interval_from" : "2014-03-06T08:00+08",
      "interval_until" : "2014-05-30T18:00+08",
      "publish_area" : "553南投縣水里鄉",
      "publish_duration" : "2014-03-05/2014-05-31",
      "publish_from" : "2014-03-05",
      "publish_until" : "2014-05-31",
      "telephone" : "049-2762076"
   },
   {
      "area" : "【區域1】南投縣中寮鄉永樂路(八仙-哮貓);永平路(八仙村;福盛村;崁頂村;廣興村)等及鄰近部分地區水壓降低(約30戶)。",
      "interval_comment" : "每日上午8點30分至下午6點",
      "interval_from" : "2014-03-25T08:30+08",
      "interval_until" : "2014-07-03T18:00+08",
      "publish_area" : "541南投縣中寮鄉",
      "publish_duration" : "2014-03-14/2014-07-04",
      "publish_from" : "2014-03-14",
      "publish_until" : "2014-07-04",
      "telephone" : "0492222635;1910"
   },
   {
      "area" : "【區域1】台中市大里區東南路(中興路-大峰路)及其巷弄。",
      "interval_comment" : "上午08:30至下午17:30，提早完工隨即恢復供水。",
      "interval_from" : "2014-02-24T08:30+08",
      "interval_until" : "2014-05-31T17:30+08",
      "publish_area" : "412台中市大里區",
      "publish_duration" : "2014-03-15/2014-06-01",
      "publish_from" : "2014-03-15",
      "publish_until" : "2014-06-01",
      "telephone" : "0939867798"
   },
   {
      "area" : "【區域1】台南市玉井區望明里;三和里",
      "interval_comment" : "每日上午8點至下午5點半",
      "interval_from" : "2014-04-08T08:00+08",
      "interval_until" : "2014-05-17T17:30+08",
      "publish_area" : "714台南市玉井區",
      "publish_duration" : "2014-04-07/2014-05-18",
      "publish_from" : "2014-04-07",
      "publish_until" : "2014-05-18",
      "telephone" : "06-5742323"
   },
   {
      "area" : "【區域1】南投縣鹿谷鄉清水村;瑞田村",
      "interval_comment" : "每日上午8點至下午6點",
      "interval_from" : "2014-04-15T10:00+08",
      "interval_until" : "2014-06-15T18:00+08",
      "publish_area" : "558南投縣鹿谷鄉",
      "publish_duration" : "2014-04-15/2014-06-16",
      "publish_from" : "2014-04-15",
      "publish_until" : "2014-06-16",
      "telephone" : "0492642074"
   },
   {
      "area" : "【區域1】南投縣草屯鎮中山里;中正里;北投里;玉峰里;炎峰里;復興里;敦和里;碧峰里;明正里;和平里;碧洲里;新厝里;中山里;山腳里",
      "interval_from" : "2014-03-17T15:00+08",
      "interval_until" : "2014-05-17T23:00+08",
      "publish_area" : "542南投縣草屯鎮",
      "publish_duration" : "2014-04-16/2014-05-18",
      "publish_from" : "2014-04-16",
      "publish_until" : "2014-05-18",
      "telephone" : "049-2563505.2566689"
   },
   {
      "area" : "【區域1】雲林縣虎尾鎮墾地里;廉使里;北溪里",
      "interval_comment" : "每日上午8點至下午6點",
      "interval_from" : "2014-04-21T08:40+08",
      "interval_until" : "2014-05-20T18:00+08",
      "publish_area" : "632雲林縣虎尾鎮",
      "publish_duration" : "2014-04-21/2014-05-21",
      "publish_from" : "2014-04-21",
      "publish_until" : "2014-05-21",
      "telephone" : "05-6322047"
   },
   {
      "area" : "【區域1】台南市東區東門路三段、東成街、富農街一段",
      "interval_comment" : "預計每日上午8點至下午6點 停水至18點以後恢復供水，遇雨順延",
      "interval_from" : "2014-04-28T08:00+08",
      "interval_until" : "2014-05-17T18:00+08",
      "publish_area" : "701台南市東區",
      "publish_duration" : "2014-04-21/2014-05-18",
      "publish_from" : "2014-04-21",
      "publish_until" : "2014-05-18",
      "telephone" : "06-3036097"
   },
   {
      "area" : "【區域1】雲林縣虎尾鎮穎川里;新興里;中山里",
      "interval_comment" : "每日上午8點至下午6點",
      "interval_from" : "2014-04-25T08:00+08",
      "interval_until" : "2014-05-20T18:00+08",
      "publish_area" : "632雲林縣虎尾鎮",
      "publish_duration" : "2014-04-24/2014-05-21",
      "publish_from" : "2014-04-24",
      "publish_until" : "2014-05-21",
      "telephone" : "05-6322047"
   },
   {
      "area" : "【區域1】雲林縣虎尾鎮廉使里;墾地里;海墘",
      "interval_comment" : "每日上午8點至下午6點",
      "interval_from" : "2014-04-25T08:00+08",
      "interval_until" : "2014-05-20T18:00+08",
      "publish_area" : "632雲林縣虎尾鎮",
      "publish_duration" : "2014-04-24/2014-05-21",
      "publish_from" : "2014-04-24",
      "publish_until" : "2014-05-21",
      "telephone" : "05-6322047"
   },
   {
      "area" : "【區域1】南投縣水里鄉頂崁村;郡坑村;鉅工村;永豐巷;圳頭巷;",
      "interval_from" : "2014-04-28T08:00+08",
      "interval_until" : "2014-06-18T18:00+08",
      "publish_area" : "553南投縣水里鄉",
      "publish_duration" : "2014-04-28/2014-06-19",
      "publish_from" : "2014-04-28",
      "publish_until" : "2014-06-19",
      "telephone" : "049-2762076"
   },
   {
      "area" : "【區域1】彰化縣鹿港鎮頂番里;頭崙里;頭南里;埔尾巷;鹿和路四段;彰頂路;頭崙巷;頭庄巷;頂草路一段;頂草路二段;人和巷;埤頭巷",
      "interval_comment" : "08:00-17:00",
      "interval_from" : "2014-05-01T08:00+08",
      "interval_until" : "2014-05-14T17:00+08",
      "publish_area" : "505彰化縣鹿港鎮",
      "publish_duration" : "2014-04-29/2014-05-15",
      "publish_from" : "2014-04-29",
      "publish_until" : "2014-05-15",
      "telephone" : "04-7772127、047772690"
   },
   {
      "area" : "【區域1】嘉義縣水上鄉龍德村十一指厝;74-5號~8-5號沿線各巷弄內之所有用戶、;100號~120-2號沿線各巷弄內之所有用戶、;24號~35-13號沿線各巷弄內之所有用戶、;32號~35號沿線各巷弄內之所有用戶、;21-2號~29-16號沿線各巷弄內之所有用戶、;11-50號~25-78號沿線各巷弄內之所有用戶。",
      "interval_comment" : "每日上午8點至下午6點停水(逢國定假日及星期日不停水)每日下午6點後陸續恢復供水，惟管線末端可能因水流時間延至夜間8點以後恢復正常供水。若遇雨則暫停施工",
      "interval_from" : "2014-04-01T08:00+08",
      "interval_until" : "2014-05-18T18:00+08",
      "publish_area" : "608嘉義縣水上鄉",
      "publish_duration" : "2014-04-29/2014-05-19",
      "publish_from" : "2014-04-29",
      "publish_until" : "2014-05-19",
      "telephone" : "05-2252670分機314"
   },
   {
      "area" : "【區域1】台南市南化區中坑1-50號;南化1-40號",
      "interval_comment" : "每日上午8點至下午6點",
      "interval_from" : "2014-05-01T08:00+08",
      "interval_until" : "2014-05-16T18:00+08",
      "publish_area" : "716台南市南化區",
      "publish_duration" : "2014-04-30/2014-05-17",
      "publish_from" : "2014-04-30",
      "publish_until" : "2014-05-17",
      "telephone" : "065742323"
   },
   {
      "area" : "【區域1】新北市樹林區復興路342號~478號(雙號側含巷弄)、復興路391號~509號(單號側含巷弄)、大安路537巷全部(含巷弄);4/22因斷管連絡新增停水區域：中山路2段110至210號(雙號側)、中山路2段51至89號(單號側);4/30新增大安路455~593號全部、中山路2段214巷全部、中山路2段212~222號全部",
      "interval_comment" : "每日上午8點至下午6點",
      "interval_from" : "2014-03-31T08:00+08",
      "interval_until" : "2014-05-15T18:00+08",
      "publish_area" : "238新北市樹林區",
      "publish_duration" : "2014-04-30/2014-05-16",
      "publish_from" : "2014-04-30",
      "publish_until" : "2014-05-16",
      "telephone" : "02-26812254"
   },
   {
      "area" : "【區域1】高雄市六龜區新寮里三民路一帶皆受影響。",
      "interval_from" : "2014-05-02T09:00+08",
      "interval_until" : "2014-05-31T17:00+08",
      "publish_area" : "844高雄市六龜區",
      "publish_duration" : "2014-05-02/2014-06-01",
      "publish_from" : "2014-05-02",
      "publish_until" : "2014-06-01",
      "telephone" : "0933688276"
   },
   {
      "area" : "【區域1】台中市南屯區永春路以東.永春北路80巷以南.永春路以西.義芳街以北",
      "interval_from" : "2014-05-13T08:30+08",
      "interval_until" : "2014-05-13T17:30+08",
      "publish_area" : "408台中市南屯區",
      "publish_duration" : "2014-05-02/2014-05-14",
      "publish_from" : "2014-05-02",
      "publish_until" : "2014-05-14",
      "telephone" : "04-22210169"
   },
   {
      "area" : "【區域1】台中市西屯區環中路二段以東.西墩北巷以南.西墩北巷以西.西屯路三段以北",
      "interval_from" : "2014-05-15T08:30+08",
      "interval_until" : "2014-05-15T17:30+08",
      "publish_area" : "407台中市西屯區",
      "publish_duration" : "2014-05-02/2014-05-16",
      "publish_from" : "2014-05-02",
      "publish_until" : "2014-05-16",
      "telephone" : "04-22210169"
   },
   {
      "area" : "【區域1】台中市南屯區文心路一段以東.大墩四街以南.大墩路以西.五權西路二段以北",
      "interval_from" : "2014-05-15T08:30+08",
      "interval_until" : "2014-05-15T17:30+08",
      "publish_area" : "408台中市南屯區",
      "publish_duration" : "2014-05-02/2014-05-16",
      "publish_from" : "2014-05-02",
      "publish_until" : "2014-05-16",
      "telephone" : "04-22210169"
   },
   {
      "area" : "【區域1】台東縣太麻里鄉大王村-大王路、加拉班街、太峰路、市隆路、文化路、至善路、利里武街、金萱路、德輝路、民權路。泰和村-2鄰民權路",
      "interval_comment" : "每日上午8點至下午6點",
      "interval_from" : "2014-05-05T08:00+08",
      "interval_until" : "2014-05-25T18:00+08",
      "publish_area" : "963台東縣太麻里鄉",
      "publish_duration" : "2014-05-05/2014-05-26",
      "publish_from" : "2014-05-05",
      "publish_until" : "2014-05-26",
      "telephone" : "089-328817   089-326122#309    0937-390925   0933-371125    0932-559811"
   },
   {
      "area" : "【區域1】嘉義市西區縱貫鐵路以西(香湖里、北榮里、慶安里、後驛里、湖邊里、重興里、竹圍里、磚窯里、大溪里、西平里、頭港里、港坪里、劉厝里、福安里、福全里、北新里、保福里、保生里、竹村里、下埤里、北湖里、新厝里、保安里)水壓降低;嘉義市東區縱貫鐵路以西(荖籐里)水壓降低;嘉義縣水上鄉三和村、下寮村、龍德村、粗溪村、大堀村、回歸村、寬士村、民生村、柳鄉村、內溪村、柳新村、柳林村、水頭村、柳鄉村、水上村水壓降低",
      "interval_from" : "2014-05-07T23:00+08",
      "interval_until" : "2014-05-14T23:00+08",
      "publish_area" : "600嘉義市西區       600嘉義市東區       608嘉義縣水上鄉",
      "publish_duration" : "2014-05-05/2014-05-15",
      "publish_from" : "2014-05-05",
      "publish_until" : "2014-05-15",
      "telephone" : "05-2779117"
   },
   {
      "area" : "【區域3】嘉義市西區縱貫鐵路以西(香湖里、北榮里、慶安里、後驛里、湖邊里、重興里、竹圍里、磚窯里、大溪里、西平里、頭港里、港坪里、劉厝里、福安里、福全里、北新里、保福里、保生里、竹村里、下埤里、北湖里、新厝里、保安里)水壓降低;嘉義市東區縱貫鐵路以西(荖籐里)水壓降低;嘉義縣水上鄉三和村、下寮村、龍德村、粗溪村、大堀村、回歸村、寬士村、民生村、柳鄉村、內溪村、柳新村、柳林村、水頭村、柳鄉村、水上村水壓降低",
      "interval_from" : "2014-05-07T23:00+08",
      "interval_until" : "2014-05-14T23:00+08",
      "publish_area" : "600嘉義市西區       600嘉義市東區       608嘉義縣水上鄉",
      "publish_duration" : "2014-05-05/2014-05-15",
      "publish_from" : "2014-05-05",
      "publish_until" : "2014-05-15",
      "telephone" : "05-2779117"
   },
   {
      "area" : "【區域1】台中市西區大忠南街以東.五權西路一段以南.忠明南路以西.南屯路二段以北",
      "interval_from" : "2014-05-20T08:30+08",
      "interval_until" : "2014-05-20T16:00+08",
      "publish_area" : "403台中市西區",
      "publish_duration" : "2014-05-05/2014-05-21",
      "publish_from" : "2014-05-05",
      "publish_until" : "2014-05-21",
      "telephone" : "04-22210169"
   },
   {
      "area" : "【區域1】台中市東區大勇街以東.信義街以南.大智路以西.忠孝路以北.",
      "interval_from" : "2014-05-20T08:30+08",
      "interval_until" : "2014-05-20T17:30+08",
      "publish_area" : "401台中市東區",
      "publish_duration" : "2014-05-05/2014-05-21",
      "publish_from" : "2014-05-05",
      "publish_until" : "2014-05-21",
      "telephone" : "04-22210169"
   },
   {
      "area" : "【區域1】台中市南屯區楓樹西街以東.楓樹西街366巷以南.永春東三路以西.永春東三路110巷以北",
      "interval_from" : "2014-05-22T08:30+08",
      "interval_until" : "2014-05-22T17:30+08",
      "publish_area" : "408台中市南屯區",
      "publish_duration" : "2014-05-05/2014-05-23",
      "publish_from" : "2014-05-05",
      "publish_until" : "2014-05-23",
      "telephone" : "04-22210169"
   },
   {
      "area" : "【區域1】台中市北屯區松竹五路以東.松竹路一段以南.軍功路二段以西.軍福十九路以北.",
      "interval_from" : "2014-05-22T08:30+08",
      "interval_until" : "2014-05-22T16:00+08",
      "publish_area" : "406台中市北屯區",
      "publish_duration" : "2014-05-05/2014-05-23",
      "publish_from" : "2014-05-05",
      "publish_until" : "2014-05-23",
      "telephone" : "04-22210169"
   },
   {
      "area" : "【區域1】台南市東區東門路三段1~185號(含巷弄)、東成街1~86號(含巷弄)、富農街一段96~186號(含巷弄)、富農街一段61~129號(含巷弄)",
      "interval_comment" : "預計每日上午8點至下午18點 停水至18點以後恢復供水，遇雨順延",
      "interval_from" : "2014-05-06T08:00+08",
      "interval_until" : "2014-05-19T18:00+08",
      "publish_area" : "701台南市東區",
      "publish_duration" : "2014-05-05/2014-05-20",
      "publish_from" : "2014-05-05",
      "publish_until" : "2014-05-20",
      "telephone" : "朱崇輝0953888537"
   },
   {
      "area" : "【區域1】彰化縣田中鎮頂潭里;員集路三段;崁頂路;和平路;頂潭里",
      "interval_from" : "2014-05-04T08:00+08",
      "interval_until" : "2014-05-13T17:00+08",
      "publish_area" : "520彰化縣田中鎮",
      "publish_duration" : "2014-05-05/2014-05-14",
      "publish_from" : "2014-05-05",
      "publish_until" : "2014-05-14",
      "telephone" : "04-8793211"
   },
   {
      "area" : "【區域1】雲林縣二崙鄉港後村",
      "interval_comment" : "上午8點至下午7點",
      "interval_from" : "2014-05-06T08:00+08",
      "interval_until" : "2014-05-16T19:00+08",
      "publish_area" : "649雲林縣二崙鄉",
      "publish_duration" : "2014-05-06/2014-05-17",
      "publish_from" : "2014-05-06",
      "publish_until" : "2014-05-17",
      "telephone" : "05-6962070"
   },
   {
      "area" : "【區域1】雲林縣二崙鄉大華村;永定村",
      "interval_comment" : "每日上午8點至下午7點",
      "interval_from" : "2014-05-06T08:00+08",
      "interval_until" : "2014-05-16T19:00+08",
      "publish_area" : "649雲林縣二崙鄉",
      "publish_duration" : "2014-05-06/2014-05-17",
      "publish_from" : "2014-05-06",
      "publish_until" : "2014-05-17",
      "telephone" : "05-6962070"
   },
   {
      "area" : "【區域1】彰化縣員林鎮大同路一、二段{全部}及延線巷道;三民東街;員東路二段;成功東路;正興街;明德街;浮圳路二段;實踐街;成功路;和平東街一段;和平東街;建國路;光華街;長榮街;興昌街;大同路二段;大同路一段;大勇街",
      "interval_comment" : "每日上午8點至下午6點",
      "interval_from" : "2014-05-07T09:00+08",
      "interval_until" : "2014-06-09T18:00+08",
      "publish_area" : "510彰化縣員林鎮",
      "publish_duration" : "2014-05-07/2014-06-10",
      "publish_from" : "2014-05-07",
      "publish_until" : "2014-06-10",
      "telephone" : "04-8320083"
   },
   {
      "area" : "【區域1】新北市樹林區俊英街(樹新路口至大安路口)各巷弄及千歲街",
      "interval_comment" : "每日上午9點至下午6點",
      "interval_from" : "2014-05-09T09:00+08",
      "interval_until" : "2014-06-07T18:00+08",
      "publish_area" : "238新北市樹林區",
      "publish_duration" : "2014-05-07/2014-06-08",
      "publish_from" : "2014-05-07",
      "publish_until" : "2014-06-08",
      "telephone" : "02-26812254"
   },
   {
      "area" : "【區域1】彰化縣彰化市中山路2段944巷",
      "interval_comment" : "每日上午8點至下午6點",
      "interval_from" : "2014-05-12T08:00+08",
      "interval_until" : "2014-05-24T18:00+08",
      "publish_area" : "500彰化縣彰化市",
      "publish_duration" : "2014-05-07/2014-05-25",
      "publish_from" : "2014-05-07",
      "publish_until" : "2014-05-25",
      "telephone" : "04-7353883"
   },
   {
      "area" : "【區域1】台南市東區東門路三段1~185號(含巷弄)、東成街1~86號(含巷弄)、富農街一段96~186號(含巷弄)、富農街一段61~129號(含巷弄)",
      "interval_comment" : "預計每日上午8點至下午18點 停水至18點以後恢復供水，遇雨順延",
      "interval_from" : "2014-05-06T08:00+08",
      "interval_until" : "2014-05-19T18:00+08",
      "publish_area" : "701台南市東區",
      "publish_duration" : "2014-05-07/2014-05-20",
      "publish_from" : "2014-05-07",
      "publish_until" : "2014-05-20",
      "telephone" : "朱崇輝0953888537"
   },
   {
      "area" : "【區域3】雲林縣土庫鎮全部村里;雲林縣元長鄉瓦�C村;後湖村;鹿北村;鹿南村;卓運村;山內村;雲林縣台西鄉和豐村;五榔村;富琦村;雲林縣東勢鄉全部村里;雲林縣虎尾鎮東屯里;芳草里;西屯里;雲林縣褒忠鄉全部村里",
      "interval_comment" : "早上9點至下午5點",
      "interval_from" : "2014-05-14T09:00+08",
      "interval_until" : "2014-05-14T17:00+08",
      "publish_area" : "633雲林縣土庫鎮     655雲林縣元長鄉     636雲林縣台西鄉     635雲林縣東勢鄉     632雲林縣虎尾鎮     634雲林縣褒忠鄉",
      "publish_duration" : "2014-05-08/2014-05-15",
      "publish_from" : "2014-05-08",
      "publish_until" : "2014-05-15",
      "telephone" : "05-6622545;0910600034"
   },
   {
      "area" : "【區域1】雲林縣土庫鎮全部村里;大荖里;石廟里;忠正里;後埔里;宮北里;全部村里;雲林縣元長鄉卓運村;長北村;長南村;鹿北村;鹿南村;瓦�C村;後湖村;山內村;雲林縣台西鄉五榔村;富琦村;和豐村;雲林縣東勢鄉全部村里;雲林縣虎尾鎮西屯里;東屯里;芳草里;雲林縣褒忠鄉全部村里",
      "interval_comment" : "早上9點至下午5點",
      "interval_from" : "2014-05-14T09:00+08",
      "interval_until" : "2014-05-14T17:00+08",
      "publish_area" : "633雲林縣土庫鎮     655雲林縣元長鄉     636雲林縣台西鄉     635雲林縣東勢鄉     632雲林縣虎尾鎮     634雲林縣褒忠鄉",
      "publish_duration" : "2014-05-08/2014-05-15",
      "publish_from" : "2014-05-08",
      "publish_until" : "2014-05-15",
      "telephone" : "05-6622545;0910600034"
   },
   {
      "area" : "【區域1】台南市永康區1.中山南路746~870雙號側(含762巷、814巷);2.永二街376巷",
      "interval_comment" : "每日上午8點至下午6點",
      "interval_from" : "2014-05-09T08:00+08",
      "interval_until" : "2014-05-13T18:00+08",
      "publish_area" : "710台南市永康區",
      "publish_duration" : "2014-05-08/2014-05-14",
      "publish_from" : "2014-05-08",
      "publish_until" : "2014-05-14",
      "telephone" : "1910    06-2325714"
   },
   {
      "area" : "【區域1】屏東縣屏東市屏東加工區(工業用水戶)",
      "interval_from" : "2014-05-13T09:00+08",
      "interval_until" : "2014-05-13T13:00+08",
      "publish_area" : "900屏東縣屏東市",
      "publish_duration" : "2014-05-09/2014-05-14",
      "publish_from" : "2014-05-09",
      "publish_until" : "2014-05-14",
      "telephone" : "7220040 7226170"
   },
   {
      "area" : "【區域1】基隆市中山區復興路212巷、230巷等一帶",
      "interval_comment" : "於5月14日早上9點至下午1點",
      "interval_from" : "2014-05-14T09:00+08",
      "interval_until" : "2014-05-14T13:00+08",
      "publish_area" : "203基隆市中山區",
      "publish_duration" : "2014-05-09/2014-05-15",
      "publish_from" : "2014-05-09",
      "publish_until" : "2014-05-15",
      "telephone" : "24252103-59"
   },
   {
      "area" : "【區域1】新北市八里區1.八里區龍源里：龍米路一段單號1號至65號，雙號2號至90巷。;2.八里區米倉里：龍米路二段單號151號至223號，龍米路二段雙號108號至246號。;3.八里區：大崁里、埤頭里、頂罟里、舊城里、訊塘里、下罟里全部。;4.八里區荖阡里八里國中叉路口以下地區。;新北市五股區成泰路四段及孝義路全部。",
      "interval_from" : "2014-05-13T09:00+08",
      "interval_until" : "2014-05-13T20:00+08",
      "publish_area" : "249新北市八里區     248新北市五股區",
      "publish_duration" : "2014-05-09/2014-05-14",
      "publish_from" : "2014-05-09",
      "publish_until" : "2014-05-14",
      "telephone" : "客服中心:1910    蘆洲服務所:2282-1817   第十二區管理處:2996-8961"
   },
   {
      "area" : "【區域1】新北市八里區1.八里區龍源里：除龍米路一段單號1號至65號、雙號2號至90巷以外全部。;2.八里區米倉里：除龍米路二段單號151號至223號、龍米路二段雙號108號至246號以外全部。",
      "interval_from" : "2014-05-16T09:00+08",
      "interval_until" : "2014-05-16T20:00+08",
      "publish_area" : "249新北市八里區",
      "publish_duration" : "2014-05-09/2014-05-17",
      "publish_from" : "2014-05-09",
      "publish_until" : "2014-05-17",
      "telephone" : "客服中心:1910   蘆洲服務所:2282-1817   第十二區管理處:2996-8961"
   },
   {
      "area" : "【區域1】嘉義市西區保生里通化二街、通化三街、通化四街等所有住戶",
      "interval_comment" : "每日上午8點至下午6點(管線末端用戶至下午8點)(六日不停水)",
      "interval_from" : "2014-05-12T08:00+08",
      "interval_until" : "2014-05-23T18:00+08",
      "publish_area" : "600嘉義市西區",
      "publish_duration" : "2014-05-09/2014-05-24",
      "publish_from" : "2014-05-09",
      "publish_until" : "2014-05-24",
      "telephone" : "05-2252670轉252"
   },
   {
      "area" : "【區域1】雲林縣虎尾鎮墾地里",
      "interval_comment" : "每日上午8點至下午6點",
      "interval_from" : "2014-05-11T08:00+08",
      "interval_until" : "2014-05-17T18:00+08",
      "publish_area" : "632雲林縣虎尾鎮",
      "publish_duration" : "2014-05-09/2014-05-18",
      "publish_from" : "2014-05-09",
      "publish_until" : "2014-05-18",
      "telephone" : "05-6322047"
   },
   {
      "area" : "【區域1】屏東縣泰武鄉佳平村;萬安村;武潭村及萬巒鄉(成德及新厝村)",
      "interval_from" : "2014-05-09T12:00+08",
      "interval_until" : "2014-05-15T12:00+08",
      "publish_area" : "921屏東縣泰武鄉",
      "publish_duration" : "2014-05-11/2014-05-16",
      "publish_from" : "2014-05-11",
      "publish_until" : "2014-05-16",
      "telephone" : "08-8325550"
   },
   {
      "area" : "【區域1】彰化縣田中鎮建國路全部;長順街",
      "interval_comment" : "每日上午8點至下午6點",
      "interval_from" : "2014-05-12T08:00+08",
      "interval_until" : "2014-05-17T18:00+08",
      "publish_area" : "520彰化縣田中鎮",
      "publish_duration" : "2014-05-12/2014-05-18",
      "publish_from" : "2014-05-12",
      "publish_until" : "2014-05-18",
      "telephone" : "04-8793211"
   },
   {
      "area" : "【區域1】彰化縣田尾鄉饒平村;東平巷",
      "interval_comment" : "每日上午8點至下午5點 停水",
      "interval_from" : "2014-05-12T08:00+08",
      "interval_until" : "2014-05-16T17:00+08",
      "publish_area" : "522彰化縣田尾鄉",
      "publish_duration" : "2014-05-12/2014-05-17",
      "publish_from" : "2014-05-12",
      "publish_until" : "2014-05-17",
      "telephone" : "04-8882073  0912-975533"
   },
   {
      "area" : "【區域1】雲林縣土庫鎮奮起里;興新里;中央路;秀潭;新興;順天里;光復路",
      "interval_comment" : "每日上午8點至下午6點",
      "interval_from" : "2014-05-12T08:30+08",
      "interval_until" : "2014-05-16T18:00+08",
      "publish_area" : "633雲林縣土庫鎮",
      "publish_duration" : "2014-05-12/2014-05-17",
      "publish_from" : "2014-05-12",
      "publish_until" : "2014-05-17",
      "telephone" : "05-6625545"
   },
   {
      "area" : "【區域1】新北市林口區東明二街61~71號全部{單號};東明二街78號之後{雙號}",
      "interval_comment" : "每日上午9點30分至下午4點30分",
      "interval_from" : "2014-05-13T09:30+08",
      "interval_until" : "2014-05-13T16:30+08",
      "publish_area" : "244新北市林口區",
      "publish_duration" : "2014-05-12/2014-05-14",
      "publish_from" : "2014-05-12",
      "publish_until" : "2014-05-14",
      "telephone" : "02-26031880"
   },
   {
      "area" : "【區域1】新北市林口區中北一街",
      "interval_comment" : "每日上午9點30分至下午4點30分",
      "interval_from" : "2014-05-13T09:30+08",
      "interval_until" : "2014-05-13T16:30+08",
      "publish_area" : "244新北市林口區",
      "publish_duration" : "2014-05-12/2014-05-14",
      "publish_from" : "2014-05-12",
      "publish_until" : "2014-05-14",
      "telephone" : "02-26031880"
   },
   {
      "area" : "【區域1】嘉義縣布袋鎮九龍里;岑海里;光復里;興中里",
      "interval_from" : "2014-05-13T08:00+08",
      "interval_until" : "2014-05-13T19:00+08",
      "publish_area" : "625嘉義縣布袋鎮",
      "publish_duration" : "2014-05-12/2014-05-14",
      "publish_from" : "2014-05-12",
      "publish_until" : "2014-05-14",
      "telephone" : "05-3412045"
   },
   {
      "area" : "【區域1】台中市大里區中湖路、公園街421巷一帶。",
      "interval_comment" : "上午8點至下午6點",
      "interval_from" : "2014-05-14T13:00+08",
      "interval_until" : "2014-05-14T17:00+08",
      "publish_area" : "412台中市大里區",
      "publish_duration" : "2014-05-12/2014-05-15",
      "publish_from" : "2014-05-12",
      "publish_until" : "2014-05-15",
      "telephone" : "24821831.24820158"
   },
   {
      "area" : "【區域1】台中市太平區東村橋路以南、東平路以北、中和街全部及東村街一帶。",
      "interval_comment" : "上午8點至下午6點",
      "interval_from" : "2014-05-14T13:00+08",
      "interval_until" : "2014-05-14T17:00+08",
      "publish_area" : "411台中市太平區",
      "publish_duration" : "2014-05-12/2014-05-15",
      "publish_from" : "2014-05-12",
      "publish_until" : "2014-05-15",
      "telephone" : "24821831.24820158"
   },
   {
      "area" : "【區域1】彰化縣大城鄉東城村;上山村",
      "interval_from" : "2014-05-13T13:00+08",
      "interval_until" : "2014-05-13T17:00+08",
      "publish_area" : "527彰化縣大城鄉",
      "publish_duration" : "2014-05-12/2014-05-14",
      "publish_from" : "2014-05-12",
      "publish_until" : "2014-05-14",
      "telephone" : "04-8960240"
   },
   {
      "area" : "【區域1】新竹縣湖口鄉東興村中山路二 三段;和興村;德盛村部分地區;新竹縣新豐鄉福興村;後湖村",
      "interval_comment" : "每日上午9點至下午5點",
      "interval_from" : "2014-05-19T09:00+08",
      "interval_until" : "2014-05-23T17:00+08",
      "publish_area" : "303新竹縣湖口鄉     304新竹縣新豐鄉",
      "publish_duration" : "2014-05-12/2014-05-24",
      "publish_from" : "2014-05-12",
      "publish_until" : "2014-05-24",
      "telephone" : "03-5981603; 1910"
   },
   {
      "area" : "【區域1】彰化縣員林鎮南平街、南平一街、南平二街、南平三街、南平一街、南平四街、南平五街、南平東街、南平西街、復興路59巷、及各沿線巷道等附近範圍。",
      "interval_comment" : "2014/05/12 8:0至2014/05/24 18:0【每日上午8點至下午6點】",
      "interval_from" : "2014-05-12T08:00+08",
      "interval_until" : "2014-05-24T18:00+08",
      "publish_area" : "510彰化縣員林鎮",
      "publish_duration" : "2014-05-12/2014-05-25",
      "publish_from" : "2014-05-12",
      "publish_until" : "2014-05-25",
      "telephone" : "04-7245031*302(監工人員梁福智)"
   },
   {
      "area" : "【區域1】彰化縣員林鎮南平街一帶",
      "interval_comment" : "每日上午8點至下午6點",
      "interval_from" : "2014-05-12T08:00+08",
      "interval_until" : "2014-05-26T18:00+08",
      "publish_area" : "510彰化縣員林鎮",
      "publish_duration" : "2014-05-12/2014-05-27",
      "publish_from" : "2014-05-12",
      "publish_until" : "2014-05-27",
      "telephone" : "04-7245031*302(監工人員梁福智)"
   },
   {
      "area" : "【區域1】彰化縣埤頭鄉十號路、(十號路500巷、499巷、473巷、445巷、511巷)、彰新路、埤頭路、斗苑東路王厝巷、埔尾路、七號路、斗苑東路424巷",
      "interval_comment" : "每日上午8點至下午6點",
      "interval_from" : "2014-05-12T08:00+08",
      "interval_until" : "2014-05-26T18:00+08",
      "publish_area" : "523彰化縣埤頭鄉",
      "publish_duration" : "2014-05-12/2014-05-27",
      "publish_from" : "2014-05-12",
      "publish_until" : "2014-05-27",
      "telephone" : "04-7245031*309"
   },
   {
      "area" : "【區域1】新北市五股區孝義路(集福里);  成泰路4段(集福里)，以上均含週邊巷弄",
      "interval_from" : "2014-05-13T08:00+08",
      "interval_until" : "2014-05-13T17:00+08",
      "publish_area" : "248新北市五股區",
      "publish_duration" : "2014-05-12/2014-05-14",
      "publish_from" : "2014-05-12",
      "publish_until" : "2014-05-14",
      "telephone" : "29097480"
   },
   {
      "area" : "【區域1】新北市五股區孝義路(集福里);  成泰路4段(集福里)，以上均含週邊巷弄",
      "interval_from" : "2014-05-15T08:00+08",
      "interval_until" : "2014-05-15T17:00+08",
      "publish_area" : "248新北市五股區",
      "publish_duration" : "2014-05-12/2014-05-16",
      "publish_from" : "2014-05-12",
      "publish_until" : "2014-05-16",
      "telephone" : "29094780"
   },
   {
      "area" : "【區域1】宜蘭縣礁溪鄉十六結路三城巷2號至36號(雙號側);十六結路100號至104-27號(三民國小側)",
      "interval_from" : "2014-05-14T13:00+08",
      "interval_until" : "2014-05-14T17:00+08",
      "publish_area" : "262宜蘭縣礁溪鄉",
      "publish_duration" : "2014-05-12/2014-05-15",
      "publish_from" : "2014-05-12",
      "publish_until" : "2014-05-15",
      "telephone" : "03-233017"
   },
   {
      "area" : "【區域1】新竹市東區高翠路.高峰路.寶山路.建華街.食品路.西大路",
      "interval_from" : "2014-05-12T14:00+08",
      "interval_until" : "2014-05-13T0:00+08",
      "publish_area" : "300新竹市東區",
      "publish_duration" : "2014-05-12/2014-05-14",
      "publish_from" : "2014-05-12",
      "publish_until" : "2014-05-14",
      "telephone" : "1910.5733523"
   },
   {
      "area" : "【區域1】台南市永康區中山南路688~738號雙號側。",
      "interval_comment" : "(1)13日13:30~17:30 (2)14~16日每日08:30~17:30",
      "interval_from" : "2014-05-13T13:30+08",
      "interval_until" : "2014-05-16T17:30+08",
      "publish_area" : "710台南市永康區",
      "publish_duration" : "2014-05-12/2014-05-17",
      "publish_from" : "2014-05-12",
      "publish_until" : "2014-05-17",
      "telephone" : "1910    06-2325714"
   },
   {
      "area" : "【區域1】新北市新莊區思源路2號至56號(含巷弄)及化成路11巷29巷與思源路42巷(含巷弄)",
      "interval_from" : "2014-05-14T09:00+08",
      "interval_until" : "2014-05-14T18:00+08",
      "publish_area" : "242新北市新莊區",
      "publish_duration" : "2014-05-12/2014-05-15",
      "publish_from" : "2014-05-12",
      "publish_until" : "2014-05-15",
      "telephone" : "29966681"
   },
   {
      "area" : "【區域1】高雄市鼓山區鼓山三路.西藏街.九如四路.新疆路.建榮路.",
      "interval_from" : "2014-05-13T10:00+08",
      "interval_until" : "2014-05-13T18:00+08",
      "publish_area" : "804高雄市鼓山區",
      "publish_duration" : "2014-05-12/2014-05-14",
      "publish_from" : "2014-05-12",
      "publish_until" : "2014-05-14",
      "telephone" : "7311111-26050"
   },
   {
      "area" : "【區域1】高雄市三民區中華二路.建國三路.三鳳中街.三德西街.自立一路.建國三路6巷口.",
      "interval_from" : "2014-05-13T10:00+08",
      "interval_until" : "2014-05-13T18:00+08",
      "publish_area" : "807高雄市三民區",
      "publish_duration" : "2014-05-12/2014-05-14",
      "publish_from" : "2014-05-12",
      "publish_until" : "2014-05-14",
      "telephone" : "7311111-260"
   },
   {
      "area" : "【區域1】宜蘭縣羅東鎮興東南路2號至94號雙數號，及文化街24號",
      "interval_comment" : "5月13日早上9點至11點",
      "interval_from" : "2014-05-13T09:00+08",
      "interval_until" : "2014-05-13T11:00+08",
      "publish_area" : "265宜蘭縣羅東鎮",
      "publish_duration" : "2014-05-12/2014-05-14",
      "publish_from" : "2014-05-12",
      "publish_until" : "2014-05-14",
      "telephone" : "039589176#30"
   },
   {
      "area" : "【區域1】新北市平溪區全部村里",
      "interval_from" : "2014-05-12T18:00+08",
      "interval_until" : "2014-05-13T02:00+08",
      "publish_area" : "226新北市平溪區",
      "publish_duration" : "2014-05-12/2014-05-14",
      "publish_from" : "2014-05-12",
      "publish_until" : "2014-05-14",
      "telephone" : "02-26631096"
   },
   {
      "area" : "【區域1】新北市平溪區全部村里",
      "interval_from" : "2014-05-12T18:00+08",
      "interval_until" : "2014-05-13T09:00+08",
      "publish_area" : "226新北市平溪區",
      "publish_duration" : "2014-05-12/2014-05-14",
      "publish_from" : "2014-05-12",
      "publish_until" : "2014-05-14",
      "telephone" : "02-26631096"
   },
   {
      "area" : "【區域1】桃園縣楊梅市甡甡路、新江路、秀才路",
      "interval_from" : "2014-05-12T07:38+08",
      "interval_until" : "2014-05-13T09:00+08",
      "publish_area" : "326桃園縣楊梅市",
      "publish_duration" : "2014-05-12/2014-05-14",
      "publish_from" : "2014-05-12",
      "publish_until" : "2014-05-14",
      "telephone" : ""
   },
   {
      "area" : "【區域1】台中市北屯區長生二街;長生路;仁美十二巷;崇德十三路;崇德十五路;崇德十六路;崇德十七路;崇德路三段 等附近",
      "interval_from" : "2014-05-13T0:00+08",
      "interval_until" : "2014-05-13T10:00+08",
      "publish_area" : "406台中市北屯區",
      "publish_duration" : "2014-05-13/2014-05-14",
      "publish_from" : "2014-05-13",
      "publish_until" : "2014-05-14",
      "telephone" : "1910"
   },
   {
      "area" : "【區域1】台南市南化區全部村里;高雄市內門區三平里;內興里;木柵里;石坑里;東埔里",
      "interval_from" : "2014-05-13T08:00+08",
      "interval_until" : "2014-05-13T12:00+08",
      "publish_area" : "716台南市南化區     845高雄市內門區",
      "publish_duration" : "2014-05-13/2014-05-14",
      "publish_from" : "2014-05-13",
      "publish_until" : "2014-05-14",
      "telephone" : "06-5742323"
   },
   {
      "area" : "【區域1】台中市沙鹿區星河路500至700號與800至1050號",
      "interval_from" : "2014-05-13T08:00+08",
      "interval_until" : "2014-05-13T12:00+08",
      "publish_area" : "433台中市沙鹿區",
      "publish_duration" : "2014-05-13/2014-05-14",
      "publish_from" : "2014-05-13",
      "publish_until" : "2014-05-14",
      "telephone" : "04-26222614"
   },
   {
      "area" : "【區域1】雲林縣斗南鎮東明里",
      "interval_from" : "2014-05-13T08:10+08",
      "interval_until" : "2014-05-13T12:00+08",
      "publish_area" : "630雲林縣斗南鎮",
      "publish_duration" : "2014-05-13/2014-05-14",
      "publish_from" : "2014-05-13",
      "publish_until" : "2014-05-14",
      "telephone" : "0912129499;05-5972682"
   },
   {
      "area" : "【區域1】高雄市田寮區西德路石牌巷",
      "interval_from" : "2014-05-13T09:00+08",
      "interval_until" : "2014-05-13T12:00+08",
      "publish_area" : "823高雄市田寮區",
      "publish_duration" : "2014-05-13/2014-05-14",
      "publish_from" : "2014-05-13",
      "publish_until" : "2014-05-14",
      "telephone" : "07-6934819"
   },
   {
      "area" : "【區域1】高雄市田寮區西德路石牌巷",
      "interval_from" : "2014-05-13T09:00+08",
      "interval_until" : "2014-05-13T12:00+08",
      "publish_area" : "823高雄市田寮區",
      "publish_duration" : "2014-05-13/2014-05-14",
      "publish_from" : "2014-05-13",
      "publish_until" : "2014-05-14",
      "telephone" : "07-6934819"
   },
   {
      "area" : "【區域1】宜蘭縣羅東鎮羅東鎮豐年路39巷全部",
      "interval_from" : "2014-05-13T13:00+08",
      "interval_until" : "2014-05-13T15:00+08",
      "publish_area" : "265宜蘭縣羅東鎮",
      "publish_duration" : "2014-05-13/2014-05-14",
      "publish_from" : "2014-05-13",
      "publish_until" : "2014-05-14",
      "telephone" : "03-9589176"
   },
   {
      "area" : "【區域1】新北市林口區仁愛路ㄧ段雙號側全部、中正路全部(含巷弄)、新寮路全部、新生街全部、東湖路全部、興林路全部",
      "interval_comment" : "上午10點30分至下午7點30",
      "interval_from" : "2014-05-13T10:30+08",
      "interval_until" : "2014-05-13T19:30+08",
      "publish_area" : "244新北市林口區",
      "publish_duration" : "2014-05-13/2014-05-14",
      "publish_from" : "2014-05-13",
      "publish_until" : "2014-05-14",
      "telephone" : "02-26031880"
   },
   {
      "area" : "【區域1】屏東縣恆春鎮省北路二段一帶",
      "interval_from" : "2014-05-13T08:30+08",
      "interval_until" : "2014-05-13T12:30+08",
      "publish_area" : "946屏東縣恆春鎮",
      "publish_duration" : "2014-05-13/2014-05-14",
      "publish_from" : "2014-05-13",
      "publish_until" : "2014-05-14",
      "telephone" : "088892256"
   },
   {
      "area" : "【區域1】花蓮縣花蓮市國威里;國安里;中山路;明心街;建國路;復興街;進豐街",
      "interval_comment" : "每日下午13點至下午17點",
      "interval_from" : "2014-05-13T13:00+08",
      "interval_until" : "2014-05-14T17:00+08",
      "publish_area" : "970花蓮縣花蓮市",
      "publish_duration" : "2014-05-13/2014-05-15",
      "publish_from" : "2014-05-13",
      "publish_until" : "2014-05-15",
      "telephone" : "03-8325304"
   },
   {
      "area" : "【區域1】苗栗縣三義鄉勝興村;廣盛村",
      "interval_from" : "2014-05-13T09:00+08",
      "interval_until" : "2014-05-13T14:00+08",
      "publish_area" : "367苗栗縣三義鄉",
      "publish_duration" : "2014-05-13/2014-05-14",
      "publish_from" : "2014-05-13",
      "publish_until" : "2014-05-14",
      "telephone" : "免費客服專線1910；通霄銅鑼營運所037-986206"
   },
   {
      "area" : "【區域1】桃園縣平鎮市新榮路370巷",
      "interval_from" : "2014-05-13T09:00+08",
      "interval_until" : "2014-05-13T10:30+08",
      "publish_area" : "324桃園縣平鎮市",
      "publish_duration" : "2014-05-13/2014-05-14",
      "publish_from" : "2014-05-13",
      "publish_until" : "2014-05-14",
      "telephone" : "4251506"
   },
   {
      "area" : "【區域1】新北市林口區文化一路二段至四維路、四維路至吉林街、四維路至仁愛路、新寮路。",
      "interval_comment" : "每日上午9時至下午18時(星期六、日除外)",
      "interval_from" : "2014-05-14T09:00+08",
      "interval_until" : "2014-05-30T18:00+08",
      "publish_area" : "244新北市林口區",
      "publish_duration" : "2014-05-13/2014-05-31",
      "publish_from" : "2014-05-13",
      "publish_until" : "2014-05-31",
      "telephone" : "免付費服務電話：1910    林口服務所:02-26030522"
   },
   {
      "area" : "【區域1】桃園縣大溪鎮一心里;一德里;美華里;三層;下田心子;復興路",
      "interval_from" : "2014-05-20T0:00+08",
      "interval_until" : "2014-05-20T06:00+08",
      "publish_area" : "335桃園縣大溪鎮",
      "publish_duration" : "2014-05-13/2014-05-21",
      "publish_from" : "2014-05-13",
      "publish_until" : "2014-05-21",
      "telephone" : "03-4712002"
   },
   {
      "area" : "【區域1】台中市豐原區三豐路662巷",
      "interval_from" : "2014-05-13T09:30+08",
      "interval_until" : "2014-05-13T15:30+08",
      "publish_area" : "420台中市豐原區",
      "publish_duration" : "2014-05-13/2014-05-14",
      "publish_from" : "2014-05-13",
      "publish_until" : "2014-05-14",
      "telephone" : "豐原給水廠 04-25722643   豐原服務所 04-25262721"
   },
   {
      "area" : "【區域1】台東縣台東市知本路三段至西康路",
      "interval_from" : "2014-05-13T09:40+08",
      "interval_until" : "2014-05-13T15:00+08",
      "publish_area" : "950台東縣台東市",
      "publish_duration" : "2014-05-13/2014-05-14",
      "publish_from" : "2014-05-13",
      "publish_until" : "2014-05-14",
      "telephone" : "鄭必忠0928705000"
   },
   {
      "area" : "【區域1】台東縣台東市知本路三段至西康路",
      "interval_from" : "2014-05-13T09:40+08",
      "interval_until" : "2014-05-13T15:00+08",
      "publish_area" : "950台東縣台東市",
      "publish_duration" : "2014-05-13/2014-05-14",
      "publish_from" : "2014-05-13",
      "publish_until" : "2014-05-14",
      "telephone" : "鄭必忠0928705000"
   },
   {
      "area" : "【區域1】宜蘭縣宜蘭市農權路三段",
      "interval_from" : "2014-05-14T13:00+08",
      "interval_until" : "2014-05-14T17:00+08",
      "publish_area" : "260宜蘭縣宜蘭市     260宜蘭縣宜蘭巿",
      "publish_duration" : "2014-05-13/2014-05-15",
      "publish_from" : "2014-05-13",
      "publish_until" : "2014-05-15",
      "telephone" : "(03)9323255#24"
   },
   {
      "area" : "【區域1】台東縣台東市知本路三段至西康路",
      "interval_from" : "2014-05-13T09:40+08",
      "interval_until" : "2014-05-13T15:00+08",
      "publish_area" : "950台東縣台東市",
      "publish_duration" : "2014-05-13/2014-05-14",
      "publish_from" : "2014-05-13",
      "publish_until" : "2014-05-14",
      "telephone" : "鄭必忠0928705000"
   },
   {
      "area" : "【區域1】台中市霧峰區北柳社區全部含柳豐(東)路.新厝路全部",
      "interval_from" : "2014-05-13T09:30+08",
      "interval_until" : "2014-05-13T12:00+08",
      "publish_area" : "413台中市霧峰區",
      "publish_duration" : "2014-05-13/2014-05-14",
      "publish_from" : "2014-05-13",
      "publish_until" : "2014-05-14",
      "telephone" : "23393138"
   },
   {
      "area" : "【區域1】彰化縣芳苑鄉王功村;新寶村;漢寶村",
      "interval_from" : "2014-05-13T21:30+08",
      "interval_until" : "2014-05-14T03:00+08",
      "publish_area" : "528彰化縣芳苑鄉",
      "publish_duration" : "2014-05-13/2014-05-15",
      "publish_from" : "2014-05-13",
      "publish_until" : "2014-05-15",
      "telephone" : "04-8960240"
   },
   {
      "area" : "【區域1】台東縣池上鄉大同路;中華路",
      "interval_comment" : "2014/05/13 上午9點至中午12點",
      "interval_from" : "2014-05-13T09:00+08",
      "interval_until" : "2014-05-13T12:00+08",
      "publish_area" : "958台東縣池上鄉",
      "publish_duration" : "2014-05-13/2014-05-14",
      "publish_from" : "2014-05-13",
      "publish_until" : "2014-05-14",
      "telephone" : "089-862625"
   },
   {
      "area" : "【區域1】台中市大里區仁愛路160巷，仁愛路(全部)，仁美路(全部)，善化路(全部)，成功二路(全部)，仁慈街(全部)，仁祥街(全部)，向善街(全部)，仁化路(全部)等附近一帶",
      "interval_from" : "2014-05-13T10:00+08",
      "interval_until" : "2014-05-13T14:00+08",
      "publish_area" : "412台中市大里區",
      "publish_duration" : "2014-05-13/2014-05-14",
      "publish_from" : "2014-05-13",
      "publish_until" : "2014-05-14",
      "telephone" : "22442469、1910"
   },
   {
      "area" : "【區域1】台東縣池上鄉大同路;中華路",
      "interval_comment" : "2014/05/13 上午9點至中午12點",
      "interval_from" : "2014-05-13T09:00+08",
      "interval_until" : "2014-05-13T12:00+08",
      "publish_area" : "958台東縣池上鄉",
      "publish_duration" : "2014-05-13/2014-05-14",
      "publish_from" : "2014-05-13",
      "publish_until" : "2014-05-14",
      "telephone" : "089-862625"
   },
   {
      "area" : "【區域1】桃園縣桃園市建國東路(興邦路至縱貫鐵路)",
      "interval_comment" : "上午11點至下午6點",
      "interval_from" : "2014-05-13T11:00+08",
      "interval_until" : "2014-05-13T18:00+08",
      "publish_area" : "330桃園縣桃園市",
      "publish_duration" : "2014-05-13/2014-05-14",
      "publish_from" : "2014-05-13",
      "publish_until" : "2014-05-14",
      "telephone" : "03-3346128"
   },
   {
      "area" : "【區域1】台中市潭子區仁愛路二段140巷  仁愛路二段",
      "interval_from" : "2014-05-13T10:15+08",
      "interval_until" : "2014-05-13T16:15+08",
      "publish_area" : "427台中市潭子區",
      "publish_duration" : "2014-05-13/2014-05-14",
      "publish_from" : "2014-05-13",
      "publish_until" : "2014-05-14",
      "telephone" : "04-25722643"
   },
   {
      "area" : "【區域1】彰化縣員林鎮惠安街、至善街、員鹿路(莒光路東側)、莒光路門牌號(雙號)及各沿線巷道等附近範圍。",
      "interval_from" : "2014-05-13T10:30+08",
      "interval_until" : "2014-05-13T14:30+08",
      "publish_area" : "510彰化縣員林鎮",
      "publish_duration" : "2014-05-13/2014-05-14",
      "publish_from" : "2014-05-13",
      "publish_until" : "2014-05-14",
      "telephone" : "1910免付費電話     員林營運所：04-8320083    04-8321341"
   },
   {
      "area" : "【區域1】新竹市東區食品路;東山街;東南街;南大路;公園路;學府路;水壓略低地區：培英街;西大路;竹蓮街;寶山路;建華街;博愛街",
      "interval_from" : "2014-05-13T10:20+08",
      "interval_until" : "2014-05-13T16:30+08",
      "publish_area" : "300新竹市東區",
      "publish_duration" : "2014-05-13/2014-05-14",
      "publish_from" : "2014-05-13",
      "publish_until" : "2014-05-14",
      "telephone" : "1910、新竹給水廠 03-5733523、新竹服務所 03-5714321"
   },
   {
      "area" : "【區域1】新北市五股區凌雲路一段、天乙路(以上含周邊巷弄)",
      "interval_from" : "2014-05-13T10:30+08",
      "interval_until" : "2014-05-13T18:00+08",
      "publish_area" : "248新北市五股區",
      "publish_duration" : "2014-05-13/2014-05-14",
      "publish_from" : "2014-05-13",
      "publish_until" : "2014-05-14",
      "telephone" : "29097480"
   },
   {
      "area" : "【區域1】台南市中西區友愛街、中正路",
      "interval_from" : "2014-05-13T10:30+08",
      "interval_until" : "2014-05-13T18:00+08",
      "publish_area" : "700台南市中西區",
      "publish_duration" : "2014-05-13/2014-05-14",
      "publish_from" : "2014-05-13",
      "publish_until" : "2014-05-14",
      "telephone" : "06-3036097"
   },
   {
      "area" : "【區域1】南投縣中寮鄉龍南路(?子頭加壓站上去)",
      "interval_from" : "2014-05-13T10:30+08",
      "interval_until" : "2014-05-13T13:30+08",
      "publish_area" : "541南投縣中寮鄉",
      "publish_duration" : "2014-05-13/2014-05-14",
      "publish_from" : "2014-05-13",
      "publish_until" : "2014-05-14",
      "telephone" : "049-2563505"
   },
   {
      "area" : "【區域1】高雄市苓雅區尚武路49巷10號前附近一帶",
      "interval_from" : "2014-05-13T10:50+08",
      "interval_until" : "2014-05-13T12:50+08",
      "publish_area" : "802高雄市苓雅區",
      "publish_duration" : "2014-05-13/2014-05-14",
      "publish_from" : "2014-05-13",
      "publish_until" : "2014-05-14",
      "telephone" : "07-7321319"
   },
   {
      "area" : "【區域1】高雄市大寮區大寮路759巷8號方圓500M",
      "interval_from" : "2014-05-13T09:00+08",
      "interval_until" : "2014-05-13T18:00+08",
      "publish_area" : "831高雄市大寮區",
      "publish_duration" : "2014-05-13/2014-05-14",
      "publish_from" : "2014-05-13",
      "publish_until" : "2014-05-14",
      "telephone" : "07-7883714"
   },
   {
      "area" : "【區域1】高雄市大寮區濃工路137號方圓500M",
      "interval_from" : "2014-05-13T09:00+08",
      "interval_until" : "2014-05-13T18:00+08",
      "publish_area" : "831高雄市大寮區",
      "publish_duration" : "2014-05-13/2014-05-14",
      "publish_from" : "2014-05-13",
      "publish_until" : "2014-05-14",
      "telephone" : "07-7883714"
   },
   {
      "area" : "【區域1】高雄市鳳山區忠誠路111號方圓500M",
      "interval_from" : "2014-05-13T09:00+08",
      "interval_until" : "2014-05-13T18:00+08",
      "publish_area" : "830高雄市鳳山區",
      "publish_duration" : "2014-05-13/2014-05-14",
      "publish_from" : "2014-05-13",
      "publish_until" : "2014-05-14",
      "telephone" : "07-7883714"
   },
   {
      "area" : "【區域1】彰化縣福興鄉二港村;三和村;頂粘村;麥厝村;廈粘村;福寶村;鎮平村",
      "interval_comment" : "22：00-03：00",
      "interval_from" : "2014-05-13T22:00+08",
      "interval_until" : "2014-05-14T03:00+08",
      "publish_area" : "506彰化縣福興鄉",
      "publish_duration" : "2014-05-13/2014-05-15",
      "publish_from" : "2014-05-13",
      "publish_until" : "2014-05-15",
      "telephone" : "04-7772127、047772690"
   },
   {
      "area" : "【區域1】高雄市仁武區考潭里成功路新興巷中興巷西一巷建興巷",
      "interval_from" : "2014-05-13T11:25+08",
      "interval_until" : "2014-05-13T14:51+08",
      "publish_area" : "814高雄市仁武區",
      "publish_duration" : "2014-05-13/2014-05-14",
      "publish_from" : "2014-05-13",
      "publish_until" : "2014-05-14",
      "telephone" : "3513332.3513501"
   },
   {
      "area" : "【區域1】台南市北區小東路",
      "interval_from" : "2014-05-13T11:30+08",
      "interval_until" : "2014-05-13T18:00+08",
      "publish_area" : "704台南市北區",
      "publish_duration" : "2014-05-13/2014-05-14",
      "publish_from" : "2014-05-13",
      "publish_until" : "2014-05-14",
      "telephone" : "06-3036097"
   },
   {
      "area" : "【區域1】新北市五股區成泰路一~三段、新五路二~三段、工商路、西雲路、御史路、芳洲一~八路、新城一~六路(以上含周邊巷弄)",
      "interval_from" : "2014-05-13T12:00+08",
      "interval_until" : "2014-05-13T15:00+08",
      "publish_area" : "248新北市五股區",
      "publish_duration" : "2014-05-13/2014-05-14",
      "publish_from" : "2014-05-13",
      "publish_until" : "2014-05-14",
      "telephone" : "29097480"
   },
   {
      "area" : "【區域1】台中市豐原區豐原區三豐路662巷",
      "interval_from" : "2014-05-13T13:30+08",
      "interval_until" : "2014-05-13T17:30+08",
      "publish_area" : "420台中市豐原區",
      "publish_duration" : "2014-05-13/2014-05-14",
      "publish_from" : "2014-05-13",
      "publish_until" : "2014-05-14",
      "telephone" : "25722643"
   },
   {
      "area" : "【區域1】新北市石碇區石碇西街",
      "interval_from" : "2014-05-13T12:00+08",
      "interval_until" : "2014-05-13T15:00+08",
      "publish_area" : "223新北市石碇區",
      "publish_duration" : "2014-05-13/2014-05-14",
      "publish_from" : "2014-05-13",
      "publish_until" : "2014-05-14",
      "telephone" : "26631850"
   },
   {
      "area" : "【區域1】嘉義市東區大雅路1段 大雅路2段   雅竹路  潭頂路  小雅路",
      "interval_from" : "2014-05-13T13:00+08",
      "interval_until" : "2014-05-13T15:00+08",
      "publish_area" : "600嘉義市東區",
      "publish_duration" : "2014-05-13/2014-05-14",
      "publish_from" : "2014-05-13",
      "publish_until" : "2014-05-14",
      "telephone" : "0960223494"
   },
   {
      "area" : "【區域1】高雄市鼓山區鼓山二路182號附近一帶",
      "interval_from" : "2014-05-13T13:38+08",
      "interval_until" : "2014-05-13T16:00+08",
      "publish_area" : "804高雄市鼓山區",
      "publish_duration" : "2014-05-13/2014-05-14",
      "publish_from" : "2014-05-13",
      "publish_until" : "2014-05-14",
      "telephone" : "07-7321319"
   },
   {
      "area" : "【區域1】屏東縣恆春鎮復興路",
      "interval_from" : "2014-05-13T13:00+08",
      "interval_until" : "2014-05-13T16:00+08",
      "publish_area" : "946屏東縣恆春鎮",
      "publish_duration" : "2014-05-13/2014-05-14",
      "publish_from" : "2014-05-13",
      "publish_until" : "2014-05-14",
      "telephone" : "088892256"
   },
   {
      "area" : "【區域1】高雄市鳳山區文衡路207號方圓500m",
      "interval_from" : "2014-05-13T14:00+08",
      "interval_until" : "2014-05-13T20:00+08",
      "publish_area" : "830高雄市鳳山區",
      "publish_duration" : "2014-05-13/2014-05-14",
      "publish_from" : "2014-05-13",
      "publish_until" : "2014-05-14",
      "telephone" : "7882410"
   },
   {
      "area" : "【區域1】台中市大里區仁愛路(全部)，仁美路(全部)，善化路(全部)，成功二路(全部)，仁慈街(全部)，仁祥街(全部)，向善街(全部)，仁化路(全部)等附近一帶",
      "interval_from" : "2014-05-13T13:50+08",
      "interval_until" : "2014-05-13T17:50+08",
      "publish_area" : "412台中市大里區",
      "publish_duration" : "2014-05-13/2014-05-14",
      "publish_from" : "2014-05-13",
      "publish_until" : "2014-05-14",
      "telephone" : "22442469、1910"
   },
   {
      "area" : "【區域1】屏東縣瑪家鄉涼山村涼山營區",
      "interval_from" : "2014-05-13T12:00+08",
      "interval_until" : "2014-05-13T17:00+08",
      "publish_area" : "903屏東縣瑪家鄉",
      "publish_duration" : "2014-05-13/2014-05-14",
      "publish_from" : "2014-05-13",
      "publish_until" : "2014-05-14",
      "telephone" : "08-7226170、7220040"
   },
   {
      "area" : "【區域1】台南市北區文成路",
      "interval_from" : "2014-05-13T13:00+08",
      "interval_until" : "2014-05-13T18:00+08",
      "publish_area" : "704台南市北區",
      "publish_duration" : "2014-05-13/2014-05-14",
      "publish_from" : "2014-05-13",
      "publish_until" : "2014-05-14",
      "telephone" : "06-3036097"
   },
   {
      "area" : "【區域1】新竹市香山區中華路五段",
      "interval_from" : "2014-05-13T14:00+08",
      "interval_until" : "2014-05-13T21:00+08",
      "publish_area" : "300新竹市香山區",
      "publish_duration" : "2014-05-13/2014-05-14",
      "publish_from" : "2014-05-13",
      "publish_until" : "2014-05-14",
      "telephone" : "1910.5733523"
   },
   {
      "area" : "【區域1】雲林縣虎尾鎮西安里;安慶里;公安里",
      "interval_comment" : "每日上午8點至下午6點",
      "interval_from" : "2014-05-14T08:00+08",
      "interval_until" : "2014-05-23T18:00+08",
      "publish_area" : "632雲林縣虎尾鎮",
      "publish_duration" : "2014-05-13/2014-05-24",
      "publish_from" : "2014-05-13",
      "publish_until" : "2014-05-24",
      "telephone" : "056322047"
   },
   {
      "area" : "【區域1】雲林縣虎尾鎮西安里;安慶里;公安里",
      "interval_comment" : "每日上午8點至下午6點",
      "interval_from" : "2014-05-14T08:00+08",
      "interval_until" : "2014-05-23T18:00+08",
      "publish_area" : "632雲林縣虎尾鎮",
      "publish_duration" : "2014-05-13/2014-05-24",
      "publish_from" : "2014-05-13",
      "publish_until" : "2014-05-24",
      "telephone" : "056322047"
   },
   {
      "area" : "【區域1】雲林縣虎尾鎮建國里;北溪里;墾地里",
      "interval_comment" : "每日上午8點至下午6點",
      "interval_from" : "2014-05-14T08:00+08",
      "interval_until" : "2014-05-23T18:00+08",
      "publish_area" : "632雲林縣虎尾鎮",
      "publish_duration" : "2014-05-13/2014-05-24",
      "publish_from" : "2014-05-13",
      "publish_until" : "2014-05-24",
      "telephone" : "056322047"
   },
   {
      "area" : "【區域1】桃園縣觀音鄉藍埔村",
      "interval_from" : "2014-05-13T14:20+08",
      "interval_until" : "2014-05-13T22:20+08",
      "publish_area" : "328桃園縣觀音鄉",
      "publish_duration" : "2014-05-13/2014-05-14",
      "publish_from" : "2014-05-13",
      "publish_until" : "2014-05-14",
      "telephone" : "3862156"
   },
   {
      "area" : "【區域1】南投縣仁愛鄉春陽村",
      "interval_from" : "2014-05-13T14:30+08",
      "interval_until" : "2014-05-13T22:30+08",
      "publish_area" : "546南投縣仁愛鄉",
      "publish_duration" : "2014-05-13/2014-05-14",
      "publish_from" : "2014-05-13",
      "publish_until" : "2014-05-14",
      "telephone" : "049-2915176"
   },
   {
      "area" : "【區域1】桃園縣中壢市華仁一街、華仁街、華勛街309巷等延線",
      "interval_from" : "2014-05-13T14:30+08",
      "interval_until" : "2014-05-13T17:00+08",
      "publish_area" : "320桃園縣中壢市",
      "publish_duration" : "2014-05-13/2014-05-14",
      "publish_from" : "2014-05-13",
      "publish_until" : "2014-05-14",
      "telephone" : "4251506"
   },
   {
      "area" : "【區域1】新竹市北區東大路二段;東大路一段;水田街;世界街;演藝路;北大路;中正路;仁愛街;府後街;文化街;中央路;經國路二段",
      "interval_from" : "2014-05-13T14:00+08",
      "interval_until" : "2014-05-13T17:30+08",
      "publish_area" : "300新竹市北區",
      "publish_duration" : "2014-05-13/2014-05-14",
      "publish_from" : "2014-05-13",
      "publish_until" : "2014-05-14",
      "telephone" : "1910、新竹給水廠 03-5733523、新竹服務所 03-5714321"
   },
   {
      "area" : "【區域1】雲林縣斗六市鎮東里-文化路",
      "interval_from" : "2014-05-13T14:30+08",
      "interval_until" : "2014-05-13T18:00+08",
      "publish_area" : "640雲林縣斗六市",
      "publish_duration" : "2014-05-13/2014-05-14",
      "publish_from" : "2014-05-13",
      "publish_until" : "2014-05-14",
      "telephone" : "05-5322844"
   },
   {
      "area" : "【區域1】桃園縣觀音鄉藍埔村",
      "interval_from" : "2014-05-13T14:25+08",
      "interval_until" : "2014-05-13T19:00+08",
      "publish_area" : "328桃園縣觀音鄉",
      "publish_duration" : "2014-05-13/2014-05-14",
      "publish_from" : "2014-05-13",
      "publish_until" : "2014-05-14",
      "telephone" : "03-3862156"
   },
   {
      "area" : "【區域1】南投縣南投市仁和路;同源路;同源路一街;同源路二街;同源路三街工業路;祖祠路",
      "interval_from" : "2014-05-13T10:00+08",
      "interval_until" : "2014-05-13T15:00+08",
      "publish_area" : "540南投縣南投市",
      "publish_duration" : "2014-05-13/2014-05-14",
      "publish_from" : "2014-05-13",
      "publish_until" : "2014-05-14",
      "telephone" : "0492222635"
   },
   {
      "area" : "【區域1】嘉義縣民雄鄉東湖村東勢湖;建國路二段部份",
      "interval_from" : "2014-05-13T14:25+08",
      "interval_until" : "2014-05-13T16:30+08",
      "publish_area" : "621嘉義縣民雄鄉",
      "publish_duration" : "2014-05-13/2014-05-14",
      "publish_from" : "2014-05-13",
      "publish_until" : "2014-05-14",
      "telephone" : "0929026338"
   },
   {
      "area" : "【區域1】高雄市湖內區和平路;海山里",
      "interval_from" : "2014-05-23T10:00+08",
      "interval_until" : "2014-05-23T17:00+08",
      "publish_area" : "829高雄市湖內區",
      "publish_duration" : "2014-05-13/2014-05-24",
      "publish_from" : "2014-05-13",
      "publish_until" : "2014-05-24",
      "telephone" : "07-6934819"
   },
   {
      "area" : "【區域1】高雄市湖內區海山里;和平路",
      "interval_from" : "2014-05-23T10:00+08",
      "interval_until" : "2014-05-23T17:00+08",
      "publish_area" : "829高雄市湖內區",
      "publish_duration" : "2014-05-13/2014-05-24",
      "publish_from" : "2014-05-13",
      "publish_until" : "2014-05-24",
      "telephone" : "07-6934819"
   },
   {
      "area" : "【區域1】新竹市東區公道五路三段;公道五路二段;東明街;東進路;東光路;東勢街;忠孝路;新光路;東勝街;水壓略低地區：東園街;八德路;公園路",
      "interval_from" : "2014-05-13T14:50+08",
      "interval_until" : "2014-05-13T21:00+08",
      "publish_area" : "300新竹市東區",
      "publish_duration" : "2014-05-13/2014-05-14",
      "publish_from" : "2014-05-13",
      "publish_until" : "2014-05-14",
      "telephone" : "1910、新竹給水廠 03-5733523、新竹服務所 03-5714321"
   },
   {
      "area" : "【區域1】雲林縣斗六市林內鄉-中正路",
      "interval_from" : "2014-05-13T15:10+08",
      "interval_until" : "2014-05-13T16:10+08",
      "publish_area" : "640雲林縣斗六市",
      "publish_duration" : "2014-05-13/2014-05-14",
      "publish_from" : "2014-05-13",
      "publish_until" : "2014-05-14",
      "telephone" : "05-5322844"
   },
   {
      "area" : "【區域1】台南市南化區中坑里1-50號;南化里1-40號",
      "interval_comment" : "每日上午8點至下午6點",
      "interval_from" : "2014-05-17T08:00+08",
      "interval_until" : "2014-05-31T18:00+08",
      "publish_area" : "716台南市南化區",
      "publish_duration" : "2014-05-13/2014-06-01",
      "publish_from" : "2014-05-13",
      "publish_until" : "2014-06-01",
      "telephone" : "06-5742323"
   },
   {
      "area" : "【區域1】苗栗縣造橋鄉造橋村.平興村",
      "interval_from" : "2014-05-13T15:00+08",
      "interval_until" : "2014-05-13T17:00+08",
      "publish_area" : "361苗栗縣造橋鄉",
      "publish_duration" : "2014-05-13/2014-05-14",
      "publish_from" : "2014-05-13",
      "publish_until" : "2014-05-14",
      "telephone" : "623500   628000"
   },
   {
      "area" : "【區域1】台中市南屯區文心南五路等附近一帶",
      "interval_from" : "2014-05-13T15:10+08",
      "interval_until" : "2014-05-13T21:10+08",
      "publish_area" : "408台中市南屯區",
      "publish_duration" : "2014-05-13/2014-05-14",
      "publish_from" : "2014-05-13",
      "publish_until" : "2014-05-14",
      "telephone" : "1910"
   },
   {
      "area" : "【區域1】台東縣台東市知本路三段至西康路",
      "interval_from" : "2014-05-13T09:40+08",
      "interval_until" : "2014-05-13T17:00+08",
      "publish_area" : "950台東縣台東市",
      "publish_duration" : "2014-05-13/2014-05-14",
      "publish_from" : "2014-05-13",
      "publish_until" : "2014-05-14",
      "telephone" : "鄭必忠0928705000"
   },
   {
      "area" : "【區域1】台南市仁德區中正路 2 段 301 號至中正路 2 段與民安路交叉路口",
      "interval_from" : "2014-05-13T15:30+08",
      "interval_until" : "2014-05-13T18:00+08",
      "publish_area" : "717台南市仁德區",
      "publish_duration" : "2014-05-13/2014-05-14",
      "publish_from" : "2014-05-13",
      "publish_until" : "2014-05-14",
      "telephone" : "062303756"
   },
   {
      "area" : "【區域1】台南市仁德區中正路 2 段 301 號至中正路 2 段與民安路交叉路口",
      "interval_from" : "2014-05-13T15:30+08",
      "interval_until" : "2014-05-13T18:00+08",
      "publish_area" : "717台南市仁德區",
      "publish_duration" : "2014-05-13/2014-05-14",
      "publish_from" : "2014-05-13",
      "publish_until" : "2014-05-14",
      "telephone" : "062303756"
   },
   {
      "area" : "【區域1】桃園縣八德市合興;桃園縣中壢市興仁路一段、興仁路二段、遠東路等沿線區域將有水壓降低或無水的狀況發生",
      "interval_from" : "2014-05-13T10:30+08",
      "interval_until" : "2014-05-13T18:00+08",
      "publish_area" : "334桃園縣八德市     320桃園縣中壢市",
      "publish_duration" : "2014-05-13/2014-05-14",
      "publish_from" : "2014-05-13",
      "publish_until" : "2014-05-14",
      "telephone" : "4251506"
   },
   {
      "area" : "【區域1】台南市南區灣裡.喜樹地區",
      "interval_from" : "2014-05-13T15:00+08",
      "interval_until" : "2014-05-13T20:00+08",
      "publish_area" : "702台南市南區",
      "publish_duration" : "2014-05-13/2014-05-14",
      "publish_from" : "2014-05-13",
      "publish_until" : "2014-05-14",
      "telephone" : "06-3036097"
   },
   {
      "area" : "【區域1】苗栗縣苗栗市社寮街、長安街",
      "interval_from" : "2014-05-13T15:30+08",
      "interval_until" : "2014-05-13T19:00+08",
      "publish_area" : "360苗栗縣苗栗市",
      "publish_duration" : "2014-05-13/2014-05-14",
      "publish_from" : "2014-05-13",
      "publish_until" : "2014-05-14",
      "telephone" : "免費客服專線：1910、苗栗營運所：037-320334"
   },
   {
      "area" : "【區域1】高雄市梓官區全部村里與橋頭區頂鹽里一帶",
      "interval_from" : "2014-05-13T16:30+08",
      "interval_until" : "2014-05-13T22:30+08",
      "publish_area" : "826高雄市梓官區",
      "publish_duration" : "2014-05-13/2014-05-14",
      "publish_from" : "2014-05-13",
      "publish_until" : "2014-05-14",
      "telephone" : "07-6222814"
   },
   {
      "area" : "【區域1】台南市東區榮譽街",
      "interval_from" : "2014-05-13T16:00+08",
      "interval_until" : "2014-05-13T21:00+08",
      "publish_area" : "701台南市東區",
      "publish_duration" : "2014-05-13/2014-05-14",
      "publish_from" : "2014-05-13",
      "publish_until" : "2014-05-14",
      "telephone" : "06-3036097"
   },
   {
      "area" : "【區域1】台中市南屯區工業22路等附近一帶",
      "interval_from" : "2014-05-13T13:40+08",
      "interval_until" : "2014-05-13T19:00+08",
      "publish_area" : "408台中市南屯區",
      "publish_duration" : "2014-05-13/2014-05-14",
      "publish_from" : "2014-05-13",
      "publish_until" : "2014-05-14",
      "telephone" : "1910"
   },
   {
      "area" : "【區域1】高雄市梓官區全部村里;高雄市橋頭區頂鹽里",
      "interval_from" : "2014-05-13T16:30+08",
      "interval_until" : "2014-05-13T22:30+08",
      "publish_area" : "826高雄市梓官區     825高雄市橋頭區",
      "publish_duration" : "2014-05-13/2014-05-14",
      "publish_from" : "2014-05-13",
      "publish_until" : "2014-05-14",
      "telephone" : ""
   },
   {
      "area" : "【區域1】花蓮縣吉安鄉永豐路;福昌路永興.吉興路3段",
      "interval_from" : "2014-05-13T14:00+08",
      "interval_until" : "2014-05-13T18:00+08",
      "publish_area" : "973花蓮縣吉安鄉",
      "publish_duration" : "2014-05-13/2014-05-14",
      "publish_from" : "2014-05-13",
      "publish_until" : "2014-05-14",
      "telephone" : "038325304"
   },
   {
      "area" : "【區域1】台南市新市區大社里;大營里;潭頂里;港墘里;豐榮",
      "interval_from" : "2014-05-13T17:00+08",
      "interval_until" : "2014-05-14T16:00+08",
      "publish_area" : "744台南市新市區",
      "publish_duration" : "2014-05-13/2014-05-15",
      "publish_from" : "2014-05-13",
      "publish_until" : "2014-05-15",
      "telephone" : "06-5973437"
   },
   {
      "area" : "【區域1】台南市仁德區中正路 2 段 301 號至中正路 2 段與民安路交叉路口;後壁里",
      "interval_from" : "2014-05-13T15:30+08",
      "interval_until" : "2014-05-13T18:00+08",
      "publish_area" : "717台南市仁德區",
      "publish_duration" : "2014-05-13/2014-05-14",
      "publish_from" : "2014-05-13",
      "publish_until" : "2014-05-14",
      "telephone" : "062303756"
   },
   {
      "area" : "【區域1】高雄市梓官區全部村里與橋頭區頂鹽里一帶",
      "interval_from" : "2014-05-13T16:30+08",
      "interval_until" : "2014-05-13T22:30+08",
      "publish_area" : "826高雄市梓官區",
      "publish_duration" : "2014-05-13/2014-05-14",
      "publish_from" : "2014-05-13",
      "publish_until" : "2014-05-14",
      "telephone" : "07-6222814"
   },
   {
      "area" : "【區域1】桃園縣桃園市大同西路、大同西路7巷、大同西路8巷、南山街、南山街30巷",
      "interval_comment" : "每日上午9點至下午5點",
      "interval_from" : "2014-05-14T09:00+08",
      "interval_until" : "2014-05-19T17:00+08",
      "publish_area" : "330桃園縣桃園市",
      "publish_duration" : "2014-05-13/2014-05-20",
      "publish_from" : "2014-05-13",
      "publish_until" : "2014-05-20",
      "telephone" : "03-3346128"
   },
   {
      "area" : "【區域1】台南市南區明興路、鯤鯓路、中華南路二段、南和路、濱南路、清水路(全部含巷弄)",
      "interval_from" : "2014-05-14T09:30+08",
      "interval_until" : "2014-05-14T12:00+08",
      "publish_area" : "702台南市南區",
      "publish_duration" : "2014-05-13/2014-05-15",
      "publish_from" : "2014-05-13",
      "publish_until" : "2014-05-15",
      "telephone" : "3036097"
   },
   {
      "area" : "【區域1】彰化縣鹿港鎮頂番里;人和巷;埤頭巷;彰頂路",
      "interval_comment" : "08:00-17:00",
      "interval_from" : "2014-05-15T08:00+08",
      "interval_until" : "2014-05-28T17:00+08",
      "publish_area" : "505彰化縣鹿港鎮",
      "publish_duration" : "2014-05-13/2014-05-29",
      "publish_from" : "2014-05-13",
      "publish_until" : "2014-05-29",
      "telephone" : "04-7772127、047772690"
   },
   {
      "area" : "【區域1】桃園縣龜山鄉長庚養生村.樂善街.西勢湖.振興路等(含巷弄)",
      "interval_from" : "2014-05-11T22:30+08",
      "interval_until" : "2014-05-13T20:00+08",
      "publish_area" : "333桃園縣龜山鄉",
      "publish_duration" : "2014-05-13/2014-05-14",
      "publish_from" : "2014-05-13",
      "publish_until" : "2014-05-14",
      "telephone" : ""
   },
   {
      "area" : "【區域1】雲林縣口湖鄉下崙村;崙東村;崙中村;下箔仔寮;下寮;中山路;中和路;明仁路;漁港路;福安路;民生路;民主路;文化路;中正路;中正路一段;中正路二段;中興路二段;雲林縣四湖鄉林厝村;林東村;飛沙村;崙北村;崙南村;廣溝村;�@子村;�@東村;三房;三塊厝;大同路;中山路;中華路;文化路;延平北路;延平南路;東三街;海清路;新厝街;箔子寮;箔東路;廣溝厝;鹽水街;溪崙街;羊調村;飛東村;西洋路;中洋北路;中洋南路;東洋路;頂桂山;頂飛沙;頂桂山;下桂山",
      "interval_comment" : "上午08時00分至下午17時00分",
      "interval_from" : "2014-05-14T08:00+08",
      "interval_until" : "2014-05-14T17:00+08",
      "publish_area" : "653雲林縣口湖鄉     654雲林縣四湖鄉",
      "publish_duration" : "2014-05-13/2014-05-15",
      "publish_from" : "2014-05-13",
      "publish_until" : "2014-05-15",
      "telephone" : "05-6982250"
   },
   {
      "area" : "【區域1】桃園縣觀音鄉樹林村",
      "interval_from" : "2014-05-13T17:30+08",
      "interval_until" : "2014-05-13T23:30+08",
      "publish_area" : "328桃園縣觀音鄉",
      "publish_duration" : "2014-05-13/2014-05-14",
      "publish_from" : "2014-05-13",
      "publish_until" : "2014-05-14",
      "telephone" : "3862021"
   },
   {
      "area" : "【區域1】桃園縣平鎮市新富一~五街、環南路二段(中豐路至榮興街)、新富街、中豐路、新英里、新富里等區域",
      "interval_from" : "2014-05-13T18:15+08",
      "interval_until" : "2014-05-13T23:00+08",
      "publish_area" : "324桃園縣平鎮市",
      "publish_duration" : "2014-05-13/2014-05-14",
      "publish_from" : "2014-05-13",
      "publish_until" : "2014-05-14",
      "telephone" : "03-4251506"
   },
   {
      "area" : "【區域1】台中市沙鹿區星河路600~655號等附近一帶",
      "interval_from" : "2014-05-13T17:30+08",
      "interval_until" : "2014-05-13T19:30+08",
      "publish_area" : "433台中市沙鹿區",
      "publish_duration" : "2014-05-13/2014-05-14",
      "publish_from" : "2014-05-13",
      "publish_until" : "2014-05-14",
      "telephone" : ""
   },
   {
      "area" : "【區域1】宜蘭縣蘇澳鎮新榮路",
      "interval_from" : "2014-05-13T19:00+08",
      "interval_until" : "2014-05-13T22:00+08",
      "publish_area" : "270宜蘭縣蘇澳鎮",
      "publish_duration" : "2014-05-13/2014-05-14",
      "publish_from" : "2014-05-13",
      "publish_until" : "2014-05-14",
      "telephone" : "0937849892"
   },
   {
      "area" : "【區域1】花蓮縣吉安鄉永豐路;福昌路永興.吉興路3段",
      "interval_from" : "2014-05-13T14:00+08",
      "interval_until" : "2014-05-13T21:00+08",
      "publish_area" : "973花蓮縣吉安鄉",
      "publish_duration" : "2014-05-13/2014-05-14",
      "publish_from" : "2014-05-13",
      "publish_until" : "2014-05-14",
      "telephone" : "038325304"
   },
   {
      "area" : "【區域1】新北市泰山區工專路、成泰路3段72巷等附近一帶",
      "interval_from" : "2014-05-13T18:30+08",
      "interval_until" : "2014-05-14T0:00+08",
      "publish_area" : "243新北市泰山區",
      "publish_duration" : "2014-05-13/2014-05-15",
      "publish_from" : "2014-05-13",
      "publish_until" : "2014-05-15",
      "telephone" : ""
   },
   {
      "area" : "【區域1】新北市泰山區工專路 明志路3段74巷含周邊巷道",
      "interval_from" : "2014-05-13T18:30+08",
      "interval_until" : "2014-05-14T0:00+08",
      "publish_area" : "243新北市泰山區",
      "publish_duration" : "2014-05-13/2014-05-15",
      "publish_from" : "2014-05-13",
      "publish_until" : "2014-05-15",
      "telephone" : ""
   },
   {
      "area" : "【區域1】桃園縣中壢市自強五路、北園路水壓降低",
      "interval_from" : "2014-05-13T20:20+08",
      "interval_until" : "2014-05-14T17:30+08",
      "publish_area" : "320桃園縣中壢市",
      "publish_duration" : "2014-05-13/2014-05-15",
      "publish_from" : "2014-05-13",
      "publish_until" : "2014-05-15",
      "telephone" : "03-4251506"
   },
   {
      "area" : "【區域1】高雄市梓官區全部村里;高雄市橋頭區頂鹽里(全部)",
      "interval_from" : "2014-05-13T16:30+08",
      "interval_until" : "2014-05-14T01:00+08",
      "publish_area" : "826高雄市梓官區     825高雄市橋頭區",
      "publish_duration" : "2014-05-13/2014-05-15",
      "publish_from" : "2014-05-13",
      "publish_until" : "2014-05-15",
      "telephone" : ""
   },
   {
      "area" : "【區域1】花蓮縣花蓮市國富九街國富5街",
      "interval_from" : "2014-05-14T08:00+08",
      "interval_until" : "2014-05-14T12:00+08",
      "publish_area" : "970花蓮縣花蓮市",
      "publish_duration" : "2014-05-14/2014-05-15",
      "publish_from" : "2014-05-14",
      "publish_until" : "2014-05-15",
      "telephone" : "038325304"
   },
   {
      "area" : "【區域1】宜蘭縣羅東鎮興東南路1號至101號至群英路98巷",
      "interval_comment" : "星期五中午12點30分至下午4點30分前",
      "interval_from" : "2014-05-16T12:30+08",
      "interval_until" : "2014-05-16T16:30+08",
      "publish_area" : "265宜蘭縣羅東鎮",
      "publish_duration" : "2014-05-14/2014-05-17",
      "publish_from" : "2014-05-14",
      "publish_until" : "2014-05-17",
      "telephone" : "03-9589176#30"
   },
   {
      "area" : "【區域1】桃園縣蘆竹鄉上興路77巷",
      "interval_from" : "2014-05-14T08:00+08",
      "interval_until" : "2014-05-14T16:00+08",
      "publish_area" : "338桃園縣蘆竹鄉",
      "publish_duration" : "2014-05-14/2014-05-15",
      "publish_from" : "2014-05-14",
      "publish_until" : "2014-05-15",
      "telephone" : "03-3346128"
   },
   {
      "area" : "【區域1】高雄市永安區保安路",
      "interval_from" : "2014-05-14T10:00+08",
      "interval_until" : "2014-05-14T14:00+08",
      "publish_area" : "828高雄市永安區",
      "publish_duration" : "2014-05-14/2014-05-15",
      "publish_from" : "2014-05-14",
      "publish_until" : "2014-05-15",
      "telephone" : "07-6934819"
   },
   {
      "area" : "【區域1】嘉義縣民雄鄉西昌村",
      "interval_from" : "2014-05-14T09:00+08",
      "interval_until" : "2014-05-14T16:00+08",
      "publish_area" : "621嘉義縣民雄鄉",
      "publish_duration" : "2014-05-14/2014-05-15",
      "publish_from" : "2014-05-14",
      "publish_until" : "2014-05-15",
      "telephone" : "05-3742044"
   },
   {
      "area" : "【區域1】台南市佳里區平等街",
      "interval_from" : "2014-05-14T08:30+08",
      "interval_until" : "2014-05-14T12:30+08",
      "publish_area" : "722台南市佳里區",
      "publish_duration" : "2014-05-14/2014-05-15",
      "publish_from" : "2014-05-14",
      "publish_until" : "2014-05-15",
      "telephone" : "7222477"
   },
   {
      "area" : "【區域1】台南市新營區公園路1段160巷/民治路/復興路/進修街",
      "interval_comment" : "每日下午1點至下午7點",
      "interval_from" : "2014-05-16T13:00+08",
      "interval_until" : "2014-05-16T19:00+08",
      "publish_area" : "730台南市新營區",
      "publish_duration" : "2014-05-14/2014-05-17",
      "publish_from" : "2014-05-14",
      "publish_until" : "2014-05-17",
      "telephone" : "06-6322240"
   },
   {
      "area" : "【區域1】嘉義縣布袋鎮九龍里;岑海里;光復里;興中里",
      "interval_from" : "2014-05-14T08:15+08",
      "interval_until" : "2014-05-14T19:00+08",
      "publish_area" : "625嘉義縣布袋鎮",
      "publish_duration" : "2014-05-14/2014-05-15",
      "publish_from" : "2014-05-14",
      "publish_until" : "2014-05-15",
      "telephone" : "05-3412045"
   },
   {
      "area" : "【區域1】雲林縣土庫鎮全部村里;雲林縣元長鄉瓦�C村;卓運村;鹿北村;鹿南村;後湖村;雲林縣虎尾鎮西屯里;東屯里;芳草里",
      "interval_comment" : "上午8點至下午6點",
      "interval_from" : "2014-05-15T08:00+08",
      "interval_until" : "2014-05-15T18:00+08",
      "publish_area" : "633雲林縣土庫鎮     655雲林縣元長鄉     632雲林縣虎尾鎮",
      "publish_duration" : "2014-05-14/2014-05-16",
      "publish_from" : "2014-05-14",
      "publish_until" : "2014-05-16",
      "telephone" : "056622545;0910600034"
   },
   {
      "area" : "【區域3】雲林縣土庫鎮全部村里;雲林縣元長鄉後湖村;瓦�C村;鹿北村;鹿南村;雲林縣虎尾鎮西屯里;東屯里;芳草里",
      "interval_comment" : "上午8點至下午6點",
      "interval_from" : "2014-05-15T08:00+08",
      "interval_until" : "2014-05-15T18:00+08",
      "publish_area" : "633雲林縣土庫鎮     655雲林縣元長鄉     632雲林縣虎尾鎮",
      "publish_duration" : "2014-05-14/2014-05-16",
      "publish_from" : "2014-05-14",
      "publish_until" : "2014-05-16",
      "telephone" : "056622545;0910600034"
   },
   {
      "area" : "【區域1】嘉義縣竹崎鄉獅埜村",
      "interval_from" : "2014-05-14T08:00+08",
      "interval_until" : "2014-05-14T15:00+08",
      "publish_area" : "604嘉義縣竹崎鄉",
      "publish_duration" : "2014-05-14/2014-05-15",
      "publish_from" : "2014-05-14",
      "publish_until" : "2014-05-15",
      "telephone" : "(05)2611075"
   },
   {
      "area" : "【區域1】雲林縣土庫鎮全部村里;雲林縣元長鄉瓦�C村;後湖村;鹿北村;鹿南村;雲林縣虎尾鎮西屯里;東屯里;芳草里",
      "interval_comment" : "5月20日上午8點至5月21日晚上11點",
      "interval_from" : "2014-05-20T08:00+08",
      "interval_until" : "2014-05-21T23:00+08",
      "publish_area" : "633雲林縣土庫鎮     655雲林縣元長鄉     632雲林縣虎尾鎮",
      "publish_duration" : "2014-05-14/2014-05-22",
      "publish_from" : "2014-05-14",
      "publish_until" : "2014-05-22",
      "telephone" : "05-6622545;0910600034"
   },
   {
      "area" : "【區域3】雲林縣土庫鎮全部村里;雲林縣元長鄉瓦�C村;鹿南村;鹿北村;雲林縣虎尾鎮東屯里;芳草里;西屯里",
      "interval_comment" : "5月20日上午8點至5月21日晚上11點",
      "interval_from" : "2014-05-20T08:00+08",
      "interval_until" : "2014-05-21T23:00+08",
      "publish_area" : "633雲林縣土庫鎮     655雲林縣元長鄉     632雲林縣虎尾鎮",
      "publish_duration" : "2014-05-14/2014-05-22",
      "publish_from" : "2014-05-14",
      "publish_until" : "2014-05-22",
      "telephone" : "05-6622545;0910600034"
   },
   {
      "area" : "【區域1】新竹市東區金城一路;金城二路;埔頂路;建功二路;光復路二段",
      "interval_from" : "2014-05-14T08:30+08",
      "interval_until" : "2014-05-14T14:30+08",
      "publish_area" : "300新竹市東區",
      "publish_duration" : "2014-05-14/2014-05-15",
      "publish_from" : "2014-05-14",
      "publish_until" : "2014-05-15",
      "telephone" : "1910、新竹給水廠 03-5733523、新竹服務所 03-5714321"
   },
   {
      "area" : "【區域1】台中市和平區梨山里",
      "interval_from" : "2014-05-14T08:00+08",
      "interval_until" : "2014-05-14T12:00+08",
      "publish_area" : "424台中市和平區",
      "publish_duration" : "2014-05-14/2014-05-15",
      "publish_from" : "2014-05-14",
      "publish_until" : "2014-05-15",
      "telephone" : ""
   },
   {
      "area" : "【區域1】台南市東區榮譽街",
      "interval_from" : "2014-05-14T08:30+08",
      "interval_until" : "2014-05-14T16:00+08",
      "publish_area" : "701台南市東區",
      "publish_duration" : "2014-05-14/2014-05-15",
      "publish_from" : "2014-05-14",
      "publish_until" : "2014-05-15",
      "telephone" : "06-3036097"
   },
   {
      "area" : "【區域1】嘉義縣太保市崙頂里",
      "interval_from" : "2014-05-14T09:00+08",
      "interval_until" : "2014-05-14T13:30+08",
      "publish_area" : "612嘉義縣太保市",
      "publish_duration" : "2014-05-14/2014-05-15",
      "publish_from" : "2014-05-14",
      "publish_until" : "2014-05-15",
      "telephone" : "053742044"
   },
   {
      "area" : "【區域1】花蓮縣吉安鄉南華村;福興村;山下一街;山下二街;山下三街;山下五街;山下四街;山下路;干城一街;干城二街;干城三街;永興七街;永興九街;永興二街;永興八街;永興三街;永興五街;永興六街;永興四街;吉安路五段;吉安路六段;吉城一街;吉城二街;吉豐路三段;吉豐路五段",
      "interval_comment" : "上午8點至下午17點",
      "interval_from" : "2014-05-16T08:00+08",
      "interval_until" : "2014-05-16T17:00+08",
      "publish_area" : "973花蓮縣吉安鄉",
      "publish_duration" : "2014-05-14/2014-05-17",
      "publish_from" : "2014-05-14",
      "publish_until" : "2014-05-17",
      "telephone" : "03-8325304"
   },
   {
      "area" : "【區域1】南投縣名間鄉新大巷",
      "interval_from" : "2014-05-14T08:30+08",
      "interval_until" : "2014-05-14T12:30+08",
      "publish_area" : "551南投縣名間鄉",
      "publish_duration" : "2014-05-14/2014-05-15",
      "publish_from" : "2014-05-14",
      "publish_until" : "2014-05-15",
      "telephone" : "2222635"
   },
   {
      "area" : "【區域1】彰化縣溪湖鎮河東里;西勢里;田中里",
      "interval_comment" : "每日上午10點至下午6點",
      "interval_from" : "2014-05-14T10:00+08",
      "interval_until" : "2014-05-31T18:00+08",
      "publish_area" : "514彰化縣溪湖鎮",
      "publish_duration" : "2014-05-14/2014-06-01",
      "publish_from" : "2014-05-14",
      "publish_until" : "2014-06-01",
      "telephone" : "8851778"
   },
   {
      "area" : "【區域1】雲林縣元長鄉全部減壓供水;雲林縣北港鎮全部減壓供水",
      "interval_from" : "2014-05-15T08:00+08",
      "interval_until" : "2014-05-15T16:00+08",
      "publish_area" : "655雲林縣元長鄉     651雲林縣北港鎮",
      "publish_duration" : "2014-05-14/2014-05-16",
      "publish_from" : "2014-05-14",
      "publish_until" : "2014-05-16",
      "telephone" : "7832040"
   },
   {
      "area" : "【區域3】雲林縣元長鄉全部減壓供水;雲林縣北港鎮全部減壓供水",
      "interval_from" : "2014-05-15T08:00+08",
      "interval_until" : "2014-05-15T16:00+08",
      "publish_area" : "655雲林縣元長鄉     651雲林縣北港鎮",
      "publish_duration" : "2014-05-14/2014-05-16",
      "publish_from" : "2014-05-14",
      "publish_until" : "2014-05-16",
      "telephone" : "7832040"
   },
   {
      "area" : "【區域1】台中市沙鹿區星河路500號與600一帶",
      "interval_from" : "2014-05-14T08:00+08",
      "interval_until" : "2014-05-14T12:00+08",
      "publish_area" : "433台中市沙鹿區",
      "publish_duration" : "2014-05-14/2014-05-15",
      "publish_from" : "2014-05-14",
      "publish_until" : "2014-05-15",
      "telephone" : ""
   },
   {
      "area" : "【區域1】宜蘭縣頭城鎮濱海公路5段",
      "interval_from" : "2014-05-14T08:30+08",
      "interval_until" : "2014-05-14T12:00+08",
      "publish_area" : "261宜蘭縣頭城鎮",
      "publish_duration" : "2014-05-14/2014-05-15",
      "publish_from" : "2014-05-14",
      "publish_until" : "2014-05-15",
      "telephone" : ""
   },
   {
      "area" : "【區域1】桃園縣平鎮市平東路659巷、平東路679巷、平東路573巷、平東路573巷、龍祥路、廟前路、",
      "interval_from" : "2014-05-14T10:00+08",
      "interval_until" : "2014-05-14T18:00+08",
      "publish_area" : "324桃園縣平鎮市",
      "publish_duration" : "2014-05-14/2014-05-15",
      "publish_from" : "2014-05-14",
      "publish_until" : "2014-05-15",
      "telephone" : "03-4259492"
   },
   {
      "area" : "【區域1】台中市豐原區三豐路662巷",
      "interval_from" : "2014-05-14T09:00+08",
      "interval_until" : "2014-05-14T15:00+08",
      "publish_area" : "420台中市豐原區",
      "publish_duration" : "2014-05-14/2014-05-15",
      "publish_from" : "2014-05-14",
      "publish_until" : "2014-05-15",
      "telephone" : "豐原給水廠 04-25722643   豐原服務所 04-25262721"
   },
   {
      "area" : "【區域1】高雄市美濃區中正路一帶皆受影響。",
      "interval_from" : "2014-05-20T08:00+08",
      "interval_until" : "2014-05-20T17:00+08",
      "publish_area" : "843高雄市美濃區",
      "publish_duration" : "2014-05-14/2014-05-21",
      "publish_from" : "2014-05-14",
      "publish_until" : "2014-05-21",
      "telephone" : "0928174027"
   },
   {
      "area" : "【區域1】台南市善化區小新里;台南市新市區大營里",
      "interval_from" : "2014-05-14T10:00+08",
      "interval_until" : "2014-05-14T17:00+08",
      "publish_area" : "741台南市善化區     744台南市新市區",
      "publish_duration" : "2014-05-14/2014-05-15",
      "publish_from" : "2014-05-14",
      "publish_until" : "2014-05-15",
      "telephone" : "06-5974290"
   },
   {
      "area" : "【區域1】新竹市香山區南港街",
      "interval_from" : "2014-05-14T08:00+08",
      "interval_until" : "2014-05-14T17:30+08",
      "publish_area" : "300新竹市香山區",
      "publish_duration" : "2014-05-14/2014-05-15",
      "publish_from" : "2014-05-14",
      "publish_until" : "2014-05-15",
      "telephone" : "1910、新竹給水廠 03-5733523、新竹服務所 03-5714321"
   },
   {
      "area" : "【區域1】桃園縣平鎮市金陵路、振興街等延線區域",
      "interval_from" : "2014-05-14T09:00+08",
      "interval_until" : "2014-05-14T14:00+08",
      "publish_area" : "324桃園縣平鎮市",
      "publish_duration" : "2014-05-14/2014-05-15",
      "publish_from" : "2014-05-14",
      "publish_until" : "2014-05-15",
      "telephone" : "4251506"
   },
   {
      "area" : "【區域1】屏東縣高樹鄉南華村",
      "interval_from" : "2014-05-14T09:00+08",
      "interval_until" : "2014-05-14T11:00+08",
      "publish_area" : "906屏東縣高樹鄉",
      "publish_duration" : "2014-05-14/2014-05-15",
      "publish_from" : "2014-05-14",
      "publish_until" : "2014-05-15",
      "telephone" : "08-7962041"
   },
   {
      "area" : "【區域1】高雄市大寮區琉球路36之6號方圓500m",
      "interval_from" : "2014-05-14T11:00+08",
      "interval_until" : "2014-05-14T20:00+08",
      "publish_area" : "831高雄市大寮區",
      "publish_duration" : "2014-05-14/2014-05-15",
      "publish_from" : "2014-05-14",
      "publish_until" : "2014-05-15",
      "telephone" : "7882410"
   },
   {
      "area" : "【區域1】高雄市大寮區三隆路456號方圓500m",
      "interval_from" : "2014-05-14T11:00+08",
      "interval_until" : "2014-05-14T20:00+08",
      "publish_area" : "831高雄市大寮區",
      "publish_duration" : "2014-05-14/2014-05-15",
      "publish_from" : "2014-05-14",
      "publish_until" : "2014-05-15",
      "telephone" : "7882410"
   },
   {
      "area" : "【區域1】高雄市大寮區三隆路456號方圓500m",
      "interval_from" : "2014-05-14T11:00+08",
      "interval_until" : "2014-05-14T20:00+08",
      "publish_area" : "831高雄市大寮區",
      "publish_duration" : "2014-05-14/2014-05-15",
      "publish_from" : "2014-05-14",
      "publish_until" : "2014-05-15",
      "telephone" : "7882410"
   },
   {
      "area" : "【區域1】新竹縣湖口鄉中山路二段239號-369號",
      "interval_from" : "2014-05-14T10:00+08",
      "interval_until" : "2014-05-14T15:00+08",
      "publish_area" : "303新竹縣湖口鄉",
      "publish_duration" : "2014-05-14/2014-05-15",
      "publish_from" : "2014-05-14",
      "publish_until" : "2014-05-15",
      "telephone" : ""
   },
   {
      "area" : "【區域1】台中市南區大慶街二段(全部)，建國南路一段(全部)，建國北路一段(全部)，文心南路(全部)，復興北路(全部)，樹德一巷(全部)等附近一帶",
      "interval_from" : "2014-05-14T09:8+08",
      "interval_until" : "2014-05-14T12:8+08",
      "publish_area" : "402台中市南區",
      "publish_duration" : "2014-05-14/2014-05-15",
      "publish_from" : "2014-05-14",
      "publish_until" : "2014-05-15",
      "telephone" : "22442469、1910"
   },
   {
      "area" : "【區域1】花蓮縣富里鄉富南村15號~54號;學田村",
      "interval_from" : "2014-05-14T13:30+08",
      "interval_until" : "2014-05-14T16:30+08",
      "publish_area" : "983花蓮縣富里鄉",
      "publish_duration" : "2014-05-14/2014-05-15",
      "publish_from" : "2014-05-14",
      "publish_until" : "2014-05-15",
      "telephone" : "(03)8882403"
   },
   {
      "area" : "【區域1】桃園縣龜山鄉東方球場路.東舊路街.振興路舊路橋以下至309巷",
      "interval_from" : "2014-05-14T09:30+08",
      "interval_until" : "2014-05-14T12:00+08",
      "publish_area" : "333桃園縣龜山鄉",
      "publish_duration" : "2014-05-14/2014-05-15",
      "publish_from" : "2014-05-14",
      "publish_until" : "2014-05-15",
      "telephone" : "0911898609"
   },
   {
      "area" : "【區域1】彰化縣大村鄉山腳路一帶;彰化縣花壇鄉彰員路一段",
      "interval_comment" : "每日上午8點至下午6點",
      "interval_from" : "2014-05-15T08:00+08",
      "interval_until" : "2014-05-29T18:00+08",
      "publish_area" : "515彰化縣大村鄉     503彰化縣花壇鄉",
      "publish_duration" : "2014-05-14/2014-05-30",
      "publish_from" : "2014-05-14",
      "publish_until" : "2014-05-30",
      "telephone" : "04-7245031*308(監工人員吳宏麟)"
   },
   {
      "area" : "【區域1】桃園縣觀音鄉觀音工業區：工業七路、國建二路、國建三路、國瑞路、國光路、國華路。",
      "interval_from" : "2014-05-25T09:00+08",
      "interval_until" : "2014-05-25T18:00+08",
      "publish_area" : "328桃園縣觀音鄉",
      "publish_duration" : "2014-05-14/2014-05-26",
      "publish_from" : "2014-05-14",
      "publish_until" : "2014-05-26",
      "telephone" : "免付費專線:1910  大園服務所:03-3862156"
   },
   {
      "area" : "【區域1】台南市東山區高原里.青山里.南勢里",
      "interval_from" : "2014-05-15T08:30+08",
      "interval_until" : "2014-05-15T18:30+08",
      "publish_area" : "733台南市東山區",
      "publish_duration" : "2014-05-14/2014-05-16",
      "publish_from" : "2014-05-14",
      "publish_until" : "2014-05-16",
      "telephone" : "06-6852135"
   },
   {
      "area" : "【區域1】雲林縣虎尾鎮建國里;北溪里;墾地里;廉使里",
      "interval_comment" : "每日上午8點至下午6點",
      "interval_from" : "2014-05-14T08:00+08",
      "interval_until" : "2014-05-23T18:00+08",
      "publish_area" : "632雲林縣虎尾鎮",
      "publish_duration" : "2014-05-14/2014-05-24",
      "publish_from" : "2014-05-14",
      "publish_until" : "2014-05-24",
      "telephone" : "056322047"
   },
   {
      "area" : "【區域1】雲林縣虎尾鎮建國里;北溪里;墾地里;廉使里",
      "interval_comment" : "每日上午8點至下午6點",
      "interval_from" : "2014-05-14T08:00+08",
      "interval_until" : "2014-05-23T18:00+08",
      "publish_area" : "632雲林縣虎尾鎮",
      "publish_duration" : "2014-05-14/2014-05-24",
      "publish_from" : "2014-05-14",
      "publish_until" : "2014-05-24",
      "telephone" : "056322047"
   },
   {
      "area" : "【區域1】桃園縣楊梅市新江路;牲牲路;秀才路",
      "interval_from" : "2014-05-13T09:00+08",
      "interval_until" : "2014-05-14T10:30+08",
      "publish_area" : "326桃園縣楊梅市",
      "publish_duration" : "2014-05-14/2014-05-15",
      "publish_from" : "2014-05-14",
      "publish_until" : "2014-05-15",
      "telephone" : "03-4789261"
   },
   {
      "area" : "【區域1】雲林縣虎尾鎮西安里;安慶里;公安里;廉使里;德興里",
      "interval_comment" : "每日上午8點至下午6點",
      "interval_from" : "2014-05-14T08:00+08",
      "interval_until" : "2014-05-23T18:00+08",
      "publish_area" : "632雲林縣虎尾鎮",
      "publish_duration" : "2014-05-14/2014-05-24",
      "publish_from" : "2014-05-14",
      "publish_until" : "2014-05-24",
      "telephone" : "056322047"
   },
   {
      "area" : "【區域1】雲林縣斗六市停水範圍：林內鄉九芎村中央路、林內鄉九芎村民生路、林內鄉九芎村和平路、林內鄉九芎村文化路等約220戶。",
      "interval_from" : "2014-05-16T08:00+08",
      "interval_until" : "2014-05-16T18:00+08",
      "publish_area" : "640雲林縣斗六市",
      "publish_duration" : "2014-05-14/2014-05-17",
      "publish_from" : "2014-05-14",
      "publish_until" : "2014-05-17",
      "telephone" : "雲林給廠: 05-5892009  斗六服務所:05-5892033"
   },
   {
      "area" : "【區域1】雲林縣斗六市停水範圍： 林內鄉林中村瑞農路;           林內鄉烏塗村烏塗路;           林內鄉烏塗村瑞和路;           等約120戶。",
      "interval_from" : "2014-05-15T08:00+08",
      "interval_until" : "2014-05-15T18:00+08",
      "publish_area" : "640雲林縣斗六市",
      "publish_duration" : "2014-05-14/2014-05-16",
      "publish_from" : "2014-05-14",
      "publish_until" : "2014-05-16",
      "telephone" : "雲林給廠: 05-5892009  斗六服務所:05-5892033"
   },
   {
      "area" : "【區域1】高雄市鼓山區鼓山三路.西藏街.伊黎街.新疆路.建榮路.九如四路.",
      "interval_from" : "2014-05-14T10:30+08",
      "interval_until" : "2014-05-14T17:30+08",
      "publish_area" : "804高雄市鼓山區",
      "publish_duration" : "2014-05-14/2014-05-15",
      "publish_from" : "2014-05-14",
      "publish_until" : "2014-05-15",
      "telephone" : "7311111-260"
   },
   {
      "area" : "【區域1】台中市霧峰區四德路150號至300號",
      "interval_from" : "2014-05-14T10:00+08",
      "interval_until" : "2014-05-14T12:00+08",
      "publish_area" : "413台中市霧峰區",
      "publish_duration" : "2014-05-14/2014-05-15",
      "publish_from" : "2014-05-14",
      "publish_until" : "2014-05-15",
      "telephone" : "23393138"
   },
   {
      "area" : "【區域1】桃園縣平鎮市頂好街，湧安路，祥安街",
      "interval_from" : "2014-05-14T09:30+08",
      "interval_until" : "2014-05-14T13:30+08",
      "publish_area" : "324桃園縣平鎮市",
      "publish_duration" : "2014-05-14/2014-05-15",
      "publish_from" : "2014-05-14",
      "publish_until" : "2014-05-15",
      "telephone" : "4789261"
   },
   {
      "area" : "【區域1】高雄市三民區建國三路6巷口.建國三路.建國三路46巷.",
      "interval_from" : "2014-05-14T10:00+08",
      "interval_until" : "2014-05-14T16:00+08",
      "publish_area" : "807高雄市三民區",
      "publish_duration" : "2014-05-14/2014-05-15",
      "publish_from" : "2014-05-14",
      "publish_until" : "2014-05-15",
      "telephone" : "7311111-260"
   },
   {
      "area" : "【區域1】台中市豐原區三豐路",
      "interval_from" : "2014-05-14T10:00+08",
      "interval_until" : "2014-05-14T15:00+08",
      "publish_area" : "420台中市豐原區",
      "publish_duration" : "2014-05-14/2014-05-15",
      "publish_from" : "2014-05-14",
      "publish_until" : "2014-05-15",
      "telephone" : "豐原服務所(04)25269895  豐原給水廠(04)25722643"
   },
   {
      "area" : "【區域1】新北市樹林區復興路2~120號雙號側",
      "interval_from" : "2014-05-14T10:00+08",
      "interval_until" : "2014-05-14T14:00+08",
      "publish_area" : "238新北市樹林區",
      "publish_duration" : "2014-05-14/2014-05-15",
      "publish_from" : "2014-05-14",
      "publish_until" : "2014-05-15",
      "telephone" : "02-26812526"
   },
   {
      "area" : "【區域1】南投縣南投市新興路.南新路.力行路....等.",
      "interval_from" : "2014-05-14T10:00+08",
      "interval_until" : "2014-05-14T14:00+08",
      "publish_area" : "540南投縣南投市",
      "publish_duration" : "2014-05-14/2014-05-15",
      "publish_from" : "2014-05-14",
      "publish_until" : "2014-05-15",
      "telephone" : "049-2563505"
   },
   {
      "area" : "【區域1】新竹市北區中華路五段.",
      "interval_from" : "2014-05-14T13:00+08",
      "interval_until" : "2014-05-14T18:00+08",
      "publish_area" : "300新竹市北區",
      "publish_duration" : "2014-05-14/2014-05-15",
      "publish_from" : "2014-05-14",
      "publish_until" : "2014-05-15",
      "telephone" : "5712141-5733523"
   },
   {
      "area" : "【區域1】台中市西屯區中工〈二.三路〉.天佑街.台灣大道.天助街等附近一帶‧",
      "interval_from" : "2014-05-14T08:30+08",
      "interval_until" : "2014-05-14T13:30+08",
      "publish_area" : "407台中市西屯區",
      "publish_duration" : "2014-05-14/2014-05-15",
      "publish_from" : "2014-05-14",
      "publish_until" : "2014-05-15",
      "telephone" : "22442469、1910"
   },
   {
      "area" : "【區域1】高雄市彌陀區舊港里;舊港橫路一帶",
      "interval_from" : "2014-05-14T10:00+08",
      "interval_until" : "2014-05-14T12:00+08",
      "publish_area" : "827高雄市彌陀區",
      "publish_duration" : "2014-05-14/2014-05-15",
      "publish_from" : "2014-05-14",
      "publish_until" : "2014-05-15",
      "telephone" : "07-6222814"
   },
   {
      "area" : "【區域1】苗栗縣卓蘭鎮新厝里",
      "interval_from" : "2014-05-14T10:00+08",
      "interval_until" : "2014-05-14T14:00+08",
      "publish_area" : "369苗栗縣卓蘭鎮",
      "publish_duration" : "2014-05-14/2014-05-15",
      "publish_from" : "2014-05-14",
      "publish_until" : "2014-05-15",
      "telephone" : ""
   },
   {
      "area" : "【區域1】台南市東區青年路、北門路一段、前鋒路",
      "interval_from" : "2014-05-14T10:30+08",
      "interval_until" : "2014-05-14T17:00+08",
      "publish_area" : "701台南市東區",
      "publish_duration" : "2014-05-14/2014-05-15",
      "publish_from" : "2014-05-14",
      "publish_until" : "2014-05-15",
      "telephone" : "06-3036097"
   },
   {
      "area" : "【區域1】高雄市三民區大順路跟大豐路口(檳榔攤前面)附近一帶",
      "interval_from" : "2014-05-14T10:25+08",
      "interval_until" : "2014-05-14T12:25+08",
      "publish_area" : "807高雄市三民區",
      "publish_duration" : "2014-05-14/2014-05-15",
      "publish_from" : "2014-05-14",
      "publish_until" : "2014-05-15",
      "telephone" : "07-7321319"
   },
   {
      "area" : "【區域1】屏東縣高樹鄉三民路;世界巷;大同巷光復巷",
      "interval_from" : "2014-05-14T10:30+08",
      "interval_until" : "2014-05-14T12:00+08",
      "publish_area" : "906屏東縣高樹鄉",
      "publish_duration" : "2014-05-14/2014-05-15",
      "publish_from" : "2014-05-14",
      "publish_until" : "2014-05-15",
      "telephone" : "087963973"
   },
   {
      "area" : "【區域1】嘉義縣竹崎鄉竹崎村",
      "interval_from" : "2014-05-14T10:30+08",
      "interval_until" : "2014-05-14T15:00+08",
      "publish_area" : "604嘉義縣竹崎鄉",
      "publish_duration" : "2014-05-14/2014-05-15",
      "publish_from" : "2014-05-14",
      "publish_until" : "2014-05-15",
      "telephone" : "2611075"
   },
   {
      "area" : "【區域1】台中市潭子區雅豐街;大豐東三街;潭富二街",
      "interval_from" : "2014-05-14T10:40+08",
      "interval_until" : "2014-05-14T14:00+08",
      "publish_area" : "427台中市潭子區",
      "publish_duration" : "2014-05-14/2014-05-15",
      "publish_from" : "2014-05-14",
      "publish_until" : "2014-05-15",
      "telephone" : "豐原服務所(04)25269895  豐原給水廠(04)25722643"
   },
   {
      "area" : "【區域1】台中市霧峰區德維街全部",
      "interval_from" : "2014-05-14T10:40+08",
      "interval_until" : "2014-05-14T12:00+08",
      "publish_area" : "413台中市霧峰區",
      "publish_duration" : "2014-05-14/2014-05-15",
      "publish_from" : "2014-05-14",
      "publish_until" : "2014-05-15",
      "telephone" : "04-23393138"
   },
   {
      "area" : "【區域1】台南市新化區中興路;民生路;東榮里;復興路",
      "interval_from" : "2014-05-14T10:50+08",
      "interval_until" : "2014-05-14T15:00+08",
      "publish_area" : "712台南市新化區",
      "publish_duration" : "2014-05-14/2014-05-15",
      "publish_from" : "2014-05-14",
      "publish_until" : "2014-05-15",
      "telephone" : "06-5974290"
   },
   {
      "area" : "【區域1】新北市板橋區民治街106號~152號；懷德街52號~80號以上包含巷、弄全部",
      "interval_from" : "2014-05-14T09:00+08",
      "interval_until" : "2014-05-14T14:00+08",
      "publish_area" : "220新北市板橋區",
      "publish_duration" : "2014-05-14/2014-05-15",
      "publish_from" : "2014-05-14",
      "publish_until" : "2014-05-15",
      "telephone" : "29612196or1910"
   },
   {
      "area" : "【區域1】台南市安南區北安路三段1號~227號(含全部巷弄)、怡安路二段",
      "interval_comment" : "每日上午9點至下午6點",
      "interval_from" : "2014-05-05T09:00+08",
      "interval_until" : "2014-05-15T18:00+08",
      "publish_area" : "709台南市安南區",
      "publish_duration" : "2014-05-14/2014-05-16",
      "publish_from" : "2014-05-14",
      "publish_until" : "2014-05-16",
      "telephone" : "0932705794蔡先生"
   },
   {
      "area" : "【區域1】花蓮縣花蓮市介仁街;介林一街;介林七街;介林九街;介林二街;介林八街;介林三街;介林五街;介林六街;介林四街;介智街;介義街;介禮街",
      "interval_from" : "2014-05-14T09:30+08",
      "interval_until" : "2014-05-14T11:30+08",
      "publish_area" : "970花蓮縣花蓮市",
      "publish_duration" : "2014-05-14/2014-05-15",
      "publish_from" : "2014-05-14",
      "publish_until" : "2014-05-15",
      "telephone" : "8325304"
   },
   {
      "area" : "【區域1】台南市永康區中山南路800至900號;二王路;永二街等巷弄",
      "interval_from" : "2014-05-14T11:00+08",
      "interval_until" : "2014-05-14T12:00+08",
      "publish_area" : "710台南市永康區",
      "publish_duration" : "2014-05-14/2014-05-15",
      "publish_from" : "2014-05-14",
      "publish_until" : "2014-05-15",
      "telephone" : "06-2325714  06-2022621"
   },
   {
      "area" : "【區域1】台中市南區文林街(全部)，美村路二段(全部)，建國南路(全部)，復興路二段(全部)，南昌街(全部)，南陽街(全部)，福陽街(全部)等附近一帶",
      "interval_from" : "2014-05-14T11:35+08",
      "interval_until" : "2014-05-14T15:35+08",
      "publish_area" : "402台中市南區",
      "publish_duration" : "2014-05-14/2014-05-15",
      "publish_from" : "2014-05-14",
      "publish_until" : "2014-05-15",
      "telephone" : "22442469、1910"
   },
   {
      "area" : "【區域1】花蓮縣秀林鄉崇德村",
      "interval_from" : "2014-05-14T09:00+08",
      "interval_until" : "2014-05-14T11:30+08",
      "publish_area" : "972花蓮縣秀林鄉",
      "publish_duration" : "2014-05-14/2014-05-15",
      "publish_from" : "2014-05-14",
      "publish_until" : "2014-05-15",
      "telephone" : ""
   },
   {
      "area" : "【區域1】新竹縣湖口鄉吉祥街(全)吉安街(全)勝利路1段 勝利路2段 鐵騎路(全)",
      "interval_from" : "2014-05-14T11:30+08",
      "interval_until" : "2014-05-14T15:00+08",
      "publish_area" : "303新竹縣湖口鄉",
      "publish_duration" : "2014-05-14/2014-05-15",
      "publish_from" : "2014-05-14",
      "publish_until" : "2014-05-15",
      "telephone" : "03-5981603; 1910"
   },
   {
      "area" : "【區域1】桃園縣中壢市中華路二段488號~578號",
      "interval_from" : "2014-05-14T11:30+08",
      "interval_until" : "2014-05-14T15:00+08",
      "publish_area" : "320桃園縣中壢市",
      "publish_duration" : "2014-05-14/2014-05-15",
      "publish_from" : "2014-05-14",
      "publish_until" : "2014-05-15",
      "telephone" : "4251506"
   },
   {
      "area" : "【區域1】雲林縣斗六市明德北路 保長路",
      "interval_from" : "2014-05-14T11:30+08",
      "interval_until" : "2014-05-14T16:00+08",
      "publish_area" : "640雲林縣斗六市",
      "publish_duration" : "2014-05-14/2014-05-15",
      "publish_from" : "2014-05-14",
      "publish_until" : "2014-05-15",
      "telephone" : "05-5322362"
   },
   {
      "area" : "【區域1】台南市麻豆區中正路7號附近",
      "interval_comment" : "下午13.00-15.00",
      "interval_from" : "2014-05-14T13:00+08",
      "interval_until" : "2014-05-14T15:00+08",
      "publish_area" : "721台南市麻豆區",
      "publish_duration" : "2014-05-14/2014-05-15",
      "publish_from" : "2014-05-14",
      "publish_until" : "2014-05-15",
      "telephone" : "5721166"
   }
]
