停水範圍,停水期間,恢復供水時間,查詢電話,發佈期間,發佈區域
三義鄉鯉魚潭村苗51線及苗52線周邊停水。,103年7月16日起,103年7月23日止(每日上午8時30分至下午17時30分施工停水，下午17時30分後恢復供水)。,1910、通霄銅鑼營運所：037-986206,2014/7/7~2014/7/25,367苗栗縣三義鄉     
基隆市成功二路、中山一、二、三、四路、健民街、華興街、仁安街、太白街、光華路、安一路、定國街、新西街、安一路、西定路、通仁街、通明街、復旦路、中華路、協和街、文化路(含各巷弄) 全部停水.,102年10月16日9時,102年10月16日15時,02-24245200,2014/10/9~2014/10/16,203基隆市中山區     
【區域1】南投縣埔里鎮鐵山里、愛蘭里,2014/02/25 9:0至2014/09/30 18:0【每日上午9點至下午6點(六日不施工)】,2014/2/25至2014/9/30每日下午 06:00以後,049-2915176,2014/2/25~2014/10/1,545南投縣埔里鎮     
【區域1】嘉義縣阿里山鄉中山村;中正村;香林村,2014/05/16 8:0至2014/08/15 19:0【:每日上午8點至下午7點】,2014/08/15 19:0以後,05-2611075,2014/5/16~2014/8/16,605嘉義縣阿里山鄉   
【區域1】雲林縣莿桐鄉興桐村(振興、新庄)全部用戶、義和村和平用戶、議和村三和部分用戶,2014/06/12 8:0至2014/07/31 19:0【每日上午8點至下午6點】,2014/07/31 19:0以後,05-5862163,2014/6/13~2014/8/1,647雲林縣莿桐鄉     
【區域1】南投縣鹿谷鄉秀峰村;清水村;瑞田村,2014/06/19 8:0至2014/08/19 18:0【:每日上午8點至下午6點】,2014/08/19 18:0以後,049-2642074,2014/6/18~2014/8/20,558南投縣鹿谷鄉     
【區域1】台東縣台東市知本火車站、富裕路、富民路及知本路二段等區域,2014/06/21 8:0至2014/07/30 17:30【每日上午08:00至下午17:30】,2014/07/30 17:30以後,089-326121#308 陳國誌,2014/6/23~2014/7/31,950台東縣台東市     
【區域1】屏東縣滿州鄉中正路部份,2014/06/26 8:0至2014/07/24 17:0 ,2014/6/26至2014/7/24每日下午 05:00以後,088892256,2014/6/26~2014/7/25,947屏東縣滿州鄉     
【區域1】台中市南屯區新富五街以東.新富路以南.新富三街以西.龍富十路以北,2014/07/23 8:30至2014/07/23 17:30 ,2014/07/23 17:30以後,04-22210169,2014/7/1~2014/7/24,408台中市南屯區     
【區域1】台中市北屯區和福路以東.軍福十五路以南.建和路以西.軍福十三路以北,2014/07/24 8:30至2014/07/24 17:30 ,2014/07/24 17:30以後,04-22210169,2014/7/1~2014/7/25,406台中市北屯區     
【區域1】台中市南屯區河南路4段以東.市政路以南.惠來路1段以西.市政南一路以北,2014/07/25 8:30至2014/07/25 17:30 ,2014/07/25 17:30以後,04-22210169,2014/7/1~2014/7/26,408台中市南屯區     
【區域1】台中市西屯區福雅路以東.西屯路3段以南.永福路以西.福科路以北,2014/07/25 8:30至2014/07/25 17:30 ,2014/07/25 17:30以後,04-22210169,2014/7/1~2014/7/26,407台中市西屯區     
【區域1】台南市南區明興路1150~1156-9(含巷弄) 、灣裡路211巷2~80-2號(含巷弄) 、  灣裡路263巷32~101-1號(含巷弄) 、灣裡路351巷24~36號(含巷弄)、興南街2~84號(含巷弄),2014/05/28 8:0至2014/08/13 18:0【預計每日上午8點至下午18點停水至18點以後恢復供水，遇雨順延】,2014/5/28至2014/8/13每日下午 06:00以後,馮晉獻06-3036097-264,2014/7/1~2014/8/14,702台南市南區       
【區域1】高雄市美濃區美濃地區皆受影響。,2014/05/20 8:0至2014/07/31 23:0 ,2014/07/31 23:0以後,0928174027,2014/7/3~2014/8/1,843高雄市美濃區     
【區域1】高雄市美濃區合和里、祿興里、瀰濃里及中正路一帶皆受影響。,2014/07/04 8:0至2014/07/31 20:0 ,2014/07/31 20:0以後,0928741027,2014/7/4~2014/8/1,843高雄市美濃區     
【區域1】彰化縣伸港鄉伸港鄉全部;彰化縣和美鎮和美鎮全部;彰化縣彰化市彰化市全部;彰化縣線西鄉線西鄉全部,2014/07/08 10:0至2014/12/31 23:59 ,2014/12/31 23:59以後,04-7353883,2014/7/8~2015/1/1,509彰化縣伸港鄉     508彰化縣和美鎮     500彰化縣彰化市     507彰化縣線西鄉     
【區域1】苗栗縣三義鄉鯉魚潭村苗51線及苗52線周邊停水,2014/07/16 8:30至2014/07/23 17:30【每日上午8點30分至下午5點30分】,2014/7/16至2014/7/23每日下午 05:30以後,免費客服專線1910；通霄銅鑼營運所037-986206,2014/7/8~2014/7/24,367苗栗縣三義鄉     
【區域1】彰化縣伸港鄉伸港鄉全部;彰化縣和美鎮和美鎮全部;彰化縣彰化市彰化市全部;彰化縣線西鄉線西鄉全部,2014/07/08 11:0至2014/12/31 23:59【每日上午4點30分至上午5點】,2014/12/31 23:59以後,04-7353883,2014/7/8~2015/1/1,509彰化縣伸港鄉     508彰化縣和美鎮     500彰化縣彰化市     507彰化縣線西鄉     
【區域3】彰化縣伸港鄉伸港鄉全部;彰化縣和美鎮和美鎮全部;彰化縣彰化市彰化市全部;彰化縣線西鄉線西鄉全部,2014/07/08 11:0至2014/12/31 23:59 ,2014/12/31 23:59以後,04-7353883,2014/7/8~2015/1/1,509彰化縣伸港鄉     508彰化縣和美鎮     500彰化縣彰化市     507彰化縣線西鄉     
【區域1】彰化縣田尾鄉海豐村;彰化縣秀水鄉義興村;鶴鳴村;馬興村;彰化縣埔鹽鄉永平村;永樂村;大有村;彰化縣溪湖鎮媽厝里;番婆里;彰化縣福興鄉社尾村;番社村,2014/07/08 18:0至2014/09/30 23:0【每日下午18點至下午23點】,2014/09/30 23:0以後,048851778,2014/7/8~2014/10/1,522彰化縣田尾鄉     504彰化縣秀水鄉     516彰化縣埔鹽鄉     514彰化縣溪湖鎮     506彰化縣福興鄉     
【區域3】彰化縣田尾鄉海豐村;彰化縣秀水鄉鶴鳴村;馬興村;義興村;彰化縣埔鹽鄉大有村;永平村;永樂村;彰化縣溪湖鎮媽厝里;番婆里;彰化縣福興鄉番社村;社尾村,2014/07/08 18:0至2014/09/30 23:0【每日下午18點至下午23點】,2014/09/30 23:0以後,048851778,2014/7/8~2014/10/1,522彰化縣田尾鄉     504彰化縣秀水鄉     516彰化縣埔鹽鄉     514彰化縣溪湖鎮     506彰化縣福興鄉     
【區域1】彰化縣永靖鄉東寧村;崙子村;浮圳村;九分路;永裕路;永興路二段;東寧巷;長壽巷;彰化縣田尾鄉北曾村;北鎮村;南曾村;南鎮村;新生村;睦宜村;光復路一段;延平路;富農路一段;富農路二段;順圳巷;福德巷;彰化縣埔心鄉羅厝村;羅厝路一段;彰化縣溪湖鎮湳底路;湳底里;媽厝里;崙子腳路頂庄巷,2014/07/08 18:0至2014/09/30 21:0 ,2014/09/30 21:0以後,04-8882073   04-8889072,2014/7/8~2014/10/1,512彰化縣永靖鄉     522彰化縣田尾鄉     513彰化縣埔心鄉     514彰化縣溪湖鎮     
【區域1】彰化縣大村鄉美港橫巷、美港路。;彰化縣員林鎮員水路二段，萬年路二、三段，大同路一、二段，山腳路五、六段，員大路一、二段，浮圳路二段，建國路，民生路，三條街，南潭路，成功東路，中正路，博愛街，員鹿路，三橋街等附近範圍。,2014/07/08 18:0至2014/09/30 23:0 ,2014/09/30 23:0以後,04-8320083  04-8321341,2014/7/9~2014/10/1,515彰化縣大村鄉     510彰化縣員林鎮     
【區域1】台南市南區明興路1150~1156-9(含巷弄) 、灣裡路211巷2~80-2號(含巷弄) 、  灣裡路263巷32~101-1號(含巷弄) 、灣裡路351巷24~36號(含巷弄)、興南街2~84號(含巷弄),2014/05/28 8:0至2014/08/13 18:0【預計每日上午8點至下午18點停水至18點以後恢復供水，遇雨順延】,2014/08/13 18:0以後,馮晉獻06-3036097-264,2014/7/9~2014/8/14,702台南市南區       
【區域1】桃園縣桃園市龍岡里、中泰里、中聖里、中信里（中山路以北、國道2號以東、文中路以南、國際路以西地區）,2014/07/31 0:0至2014/07/31 22:0 ,2014/07/31 22:0以後,免付費服務電話：1910  桃園服務所:03-3346128,2014/7/10~2014/8/1,330桃園縣桃園市     
【區域1】台中市霧峰區北柳社區全部(柳豐路1號至150號.新厝路101-1號至183號.柳豐東路全部)沿路含巷弄,2014/07/11 9:0至2014/07/31 18:0【每日上午9點至下午6點】,2014/7/11至2014/7/31每日下午 06:00以後,04-23393138,2014/7/11~2014/8/1,413台中市霧峰區     
【區域1】嘉義縣番路鄉下坑村;新福村,2014/07/14 8:0至2014/08/14 20:0【每日上午8點至下午8點】,2014/08/14 20:0以後,05-2611075,2014/7/11~2014/8/15,602嘉義縣番路鄉     
【區域1】新北市土城區土城地區水壓降低,2014/08/24 23:0至2014/08/25 3:0【下23點至上午3點】,2014/08/25 3:0以後,02-22655172;02-22655672,2014/7/11~2014/8/26,236新北市土城區     
【區域3】新北市土城區土城地區水壓降低,2014/08/24 23:0至2014/08/25 3:0【下23點至上午3點】,2014/08/25 3:0以後,02-22655172;02-22655672,2014/7/11~2014/8/26,236新北市土城區     
【區域1】台南市南化區小崙;西埔;南化,2014/07/07 8:0至2014/09/30 18:0【每日上午8點至下午6點】,2014/09/30 18:0以後,06-5742323,2014/7/14~2014/10/1,716台南市南化區     
【區域1】雲林縣虎尾鎮三合里;北溪里;建國里;廉使里,2014/07/15 8:0至2014/08/31 18:0【每日上午8點至下午6點】,2014/08/31 18:0以後,05-6322047,2014/7/14~2014/9/1,632雲林縣虎尾鎮     
【區域1】台東縣台東市豐榮里之中華路西側區域用戶:中華路二段、中華路二段238巷,2014/07/16 8:0至2014/08/15 17:0【每日上午8點至下午6點(施工期間採分段停水施工，各段停水時間約2日)】,2014/08/15 17:0以後,工務課承辦人員電話:0912-058502(謝文清)    包商電話:0937-390925,2014/7/14~2014/8/16,950台東縣台東市     
【區域1】台南市新營區長榮路/太子路/高速公路西側,2014/07/16 8:0至2014/07/26 18:0【上午8點至下午6點】,2014/7/16至2014/7/26每日下午 06:00以後,06-6322240,2014/7/15~2014/7/27,730台南市新營區     
【區域1】台南市六甲區四維街(全部無水);曾文街(全部無水);仁愛街(全部無水);忠孝街(全部無水);曾文街66巷(全部無水);曾文街100巷(全部無水);曾文街110巷(全部無水);,2014/07/16 9:0至2014/07/28 18:0【上午9點至下午6點】,2014/7/16至2014/7/28每日下午 06:00以後,(06)5721166,2014/7/15~2014/7/29,734台南市六甲區     
【區域1】彰化縣員林鎮新生路;員鹿路;至善街;南和街;北和街;靜修路,2014/07/16 8:0至2014/07/31 18:0【每日上午8點至下午6點】,2014/7/16至2014/7/31每日下午 06:00以後,04-8320083,2014/7/16~2014/8/1,510彰化縣員林鎮     
【區域1】高雄市大寮區清潔隊、凱旋醫院大寮院區、山頂里、永芳里、會社里、光武里,2014/07/30 9:0至2014/07/30 19:0 ,2014/07/30 19:0以後,1910,2014/7/16~2014/7/31,831高雄市大寮區     
【區域3】高雄市大樹區瓦厝街小型工業區一帶;高雄市鳳山區黃埔公園光遠路以東、中山東路以南之東門里、誠德里、鳳東里,2014/07/31 9:0至2014/07/31 19:0 ,2014/07/31 19:0以後,1910,2014/7/16~2014/8/1,840高雄市大樹區     830高雄市鳳山區     
【區域1】高雄市大寮區忠義里、中興里、三隆里、上寮里、琉球里、翁園里、前庄里、中庄里、後庄里、溪寮里、江山里、義和里;高雄市鳳山區誠信里、誠智里、誠正里,2014/07/31 9:0至2014/07/31 19:0 ,2014/07/31 19:0以後,1910,2014/7/16~2014/8/1,831高雄市大寮區     830高雄市鳳山區     
【區域1】新北市新莊區化成路11巷及思源路42巷全部(含巷弄)；化成路29巷全部,2014/07/21 9:0至2014/08/31 18:0【每日上午9點至下午6點，共42天】,2014/08/31 18:0以後,(02)2996-6681,2014/7/16~2014/9/1,242新北市新莊區     
【區域1】台南市永康區中山南路952~1042雙號側(含巷弄),2014/07/18 8:30至2014/07/22 17:30【每日上午8點30分至下午5點30分】,2014/7/18至2014/7/22每日下午 05:30以後,1910   06-2325714,2014/7/17~2014/7/23,710台南市永康區     
【區域1】新北市貢寮區復興街;龍門街,2014/07/17 8:0至2014/07/25 17:0 ,2014/7/17至2014/7/25每日下午 05:00以後,24941800,2014/7/17~2014/7/26,228新北市貢寮區     
【區域1】台中市南屯區文心路一段;東興路二段;五權西路二段;南屯路二段,2014/07/23 8:30至2014/07/25 17:30【:每日上午8點30分至下午17點 30分】,2014/07/25 17:30以後,22442469.1910,2014/7/17~2014/7/26,408台中市南屯區     
【區域1】新北市板橋區大觀路3段36巷(含弄)全部,2014/07/18 9:0至2014/08/28 18:0【每日上午9點至下午6點】,2014/08/28 18:0以後,02-26812254,2014/7/17~2014/8/29,220新北市板橋區     
【區域1】彰化縣鹿港鎮頂草路四段沿線用戶，頂番里，頭崙里，溝墘里，草中里部分用戶減壓或停水,2014/07/12 8:0至2014/08/01 17:0【9】,2014/7/12至2014/8/1每日下午 05:00以後,04-7772127，04-7772609,2014/7/17~2014/8/2,505彰化縣鹿港鎮     
【區域1】彰化縣鹿港鎮東崎里;彰化縣福興鄉番婆村,2014/07/18 3:0至2014/07/31 3:5 ,2014/07/17 17:0以後,04-7772127、047772690,2014/7/17~2014/8/1,505彰化縣鹿港鎮     506彰化縣福興鄉     
【區域1】嘉義市西區新厝里撫順一街至三街,2014/07/21 8:0至2014/08/01 18:0【每日上午8點至下午6點(管線末端用戶停水至下午8點)】,2014/08/01 18:0以後,05-2252670轉252,2014/7/18~2014/8/2,600嘉義市西區       
【區域1】彰化縣彰化市華山路234號-307號、華山路138巷、147巷、187巷、217巷、菜市街,2014/07/21 8:0至2014/07/31 18:0【每日上午8點至下午6點】,2014/7/21至2014/7/31每日下午 06:00以後,04-7353883,2014/7/18~2014/8/1,500彰化縣彰化市     
【區域3】彰化縣彰化市華山路234號-307號、華山路138巷、147巷、187巷、217巷、菜市街;;;華山路234號至307號、華山路138巷、147巷、187巷、217巷↑菜市街,2014/7/21 8:0至2014/7/31 18:0【每日上午8點至下午6點】,2014/7/21至2014/7/31每日下午 06:00以後,04-7353883,2014/7/18~2014/8/1,500彰化縣彰化市     
【區域1】彰化縣花壇鄉明德街一帶,2014/07/21 8:0至2014/08/04 18:0【每日上午8點至下午6點】,2014/7/21至2014/8/4每日下午 06:00以後,04-7245031*302(監工人員梁福智),2014/7/18~2014/8/5,503彰化縣花壇鄉     
【區域1】新北市新莊區中港一街(中港路至中和街之區段)含周邊巷弄,2014/07/07 9:0至2014/07/31 18:0【每日上午9點至下午6點】,2014/07/31 18:0以後,(02)2996-6681,2014/7/18~2014/8/1,242新北市新莊區     
【區域1】台南市白河區關嶺里全部：每日上午8點至下午6點(星期六、星期日及例假日除外),2014/07/22 8:0至2014/08/22 18:0【每日上午8點至下午6點(星期六、星期日及例假日除外)】,2014/7/22至2014/8/22每日下午 06:00以後,06-6852135,2014/7/18~2014/8/23,732台南市白河區     
【區域1】台南市新化區大坑里;知義里;礁坑里;九層嶺;三十六崙;口埤;大坑尾;五甲勢;茄冬坑;洋子寮;新和庄;礁坑子;蔡厝仔,2014/07/23 8:0至2014/07/23 17:0 ,2014/07/23 17:0以後,06-5973437,2014/7/18~2014/7/24,712台南市新化區     
【區域1】彰化縣溪湖鎮河東里,2014/07/21 10:0至2014/07/22 18:0【每日上午8點至下午6點】,2014/7/21至2014/7/22每日下午 06:00以後,8851778,2014/7/18~2014/7/23,514彰化縣溪湖鎮     
【區域1】雲林縣東勢鄉東北村;東南村;嘉隆村;中山路;中華路;內環西路;內環東路;文化路;北環西路;北環東路;民生路;民族路;民權路;成功街;自強街;自強路;利民街;協進街;忠孝路;東勢西路;東勢東路;康安路;康南路;莊敬街;富農北路;富農南路;嘉芳北路;嘉芳南路;嘉隆路;懷恩街;興農街;興發街;德政街,2014/07/07 8:0至2014/07/22 18:0【每日上午8點至下午6點】,2014/07/22 18:0以後,05-6622545,2014/7/19~2014/7/23,635雲林縣東勢鄉     
【區域1】嘉義縣中埔鄉嘉義縣中埔鄉(富收村)興化部全部,2014/07/21 8:0至2014/07/26 18:0【每日上午8點至下午6點】,2014/7/21至2014/7/26每日下午 06:00以後,2252670*310,2014/7/20~2014/7/27,606嘉義縣中埔鄉     
【區域1】嘉義縣中埔鄉嘉義縣中埔鄉(富收村)興化部全部,2014/07/21 8:0至2014/07/26 18:0【每日上午8點至下午6點】,2014/7/21至2014/7/26每日下午 06:00以後,2252670*310,2014/7/20~2014/7/27,606嘉義縣中埔鄉     
【區域1】宜蘭縣羅東鎮義成路三段590巷、南英巷、群英路48巷、興東南路41巷、義成路三段568巷、南興街、南寧路、南寧路32巷、南寧路11巷、南寧路14巷,2014/07/22 13:0至2014/07/22 17:0【下午13點至17點】,2014/7/22至2014/7/22每日下午 05:00以後,03-9589176#30,2014/7/21~2014/7/23,265宜蘭縣羅東鎮     
【區域1】雲林縣土庫鎮越港里;順天里;仁美街,2014/07/22 8:0至2014/07/22 18:0 ,2014/07/22 18:0以後,05-6625545   范雅聞0911155483,2014/7/21~2014/7/23,633雲林縣土庫鎮     
【區域1】彰化縣員林鎮山腳路一段、山腳路一段48巷、山腳路一段48巷2弄、山腳路一段坡姜巷、山腳路一段147巷、山腳路一段263巷、;山腳路二段、泉州巷、崙雅巷、大饒路,2014/07/21 8:0至2014/08/04 18:0【每日上午8點至下午6點】,2014/7/21至2014/8/4每日下午 06:00以後,04-7245031(承包商-上校水管工程行0920-900823),2014/7/21~2014/8/5,510彰化縣員林鎮     
【區域1】彰化縣二林鎮太平路一帶,2014/07/21 8:0至2014/08/04 18:0【每日上午8點至下午6點】,2014/08/04 18:0以後,04-7245031*309,2014/7/21~2014/8/5,526彰化縣二林鎮     
【區域1】彰化縣大村鄉山腳路一帶;彰化縣花壇鄉彰員路一段,2014/07/21 8:0至2014/08/04 18:0【每日上午8點至下午6點】,2014/7/21至2014/8/4每日下午 06:00以後,04-7245031*308(監工人員吳宏麟),2014/7/21~2014/8/5,515彰化縣大村鄉     503彰化縣花壇鄉     
【區域1】彰化縣埤頭鄉彰新路、埤頭路、中南路、育樂巷、福德路、中興巷、埔尾路,2014/07/21 8:0至2014/08/04 18:0【每日上午8點至下午6點】,2014/7/21至2014/8/4每日下午 06:00以後,04-7245031*309,2014/7/21~2014/8/5,523彰化縣埤頭鄉     
【區域1】台南市後壁區烏樹林蘭花園區二期,2014/07/22 13:0至2014/07/22 17:0 ,2014/07/22 17:0以後,06-6852135,2014/7/21~2014/7/23,731台南市後壁區     
【區域1】新北市三芝區全部村里;新北市淡水區屯山里;興仁里;賢孝里;義山里;崁頂里,2014/07/21 9:30至2014/07/28 20:0 ,2014/07/28 20:0以後,,2014/7/21~2014/7/29,252新北市三芝區     251新北市淡水區     
【區域1】彰化縣大村鄉大村鄉;彰化縣秀水鄉陝西村;金興村;秀水村;彰化縣花壇鄉花壇鄉,2014/07/14 10:0至2014/12/31 23:59【每日上午4點至上午5點。預計停水1小時】,2014/12/31 23:59以後,04-7867970,2014/7/21~2015/1/1,515彰化縣大村鄉     504彰化縣秀水鄉     503彰化縣花壇鄉     
【區域3】彰化縣大村鄉大村鄉;彰化縣秀水鄉陝西村;金興村;秀水村;彰化縣花壇鄉花壇鄉,2014/07/14 10:0至2014/12/31 23:59 ,2014/12/31 23:59以後,04-7867970,2014/7/21~2015/1/1,515彰化縣大村鄉     504彰化縣秀水鄉     503彰化縣花壇鄉     
【區域3】彰化縣大村鄉大村鄉;彰化縣秀水鄉陝西村;金興村;秀水村;彰化縣花壇鄉花壇鄉,2014/07/21 13:0至2014/12/31 23:59 ,2014/12/31 23:59以後,04-7867970,2014/7/21~2015/1/1,515彰化縣大村鄉     504彰化縣秀水鄉     503彰化縣花壇鄉     
【區域1】彰化縣大村鄉大村鄉;彰化縣秀水鄉陝西村;金興村;秀水村;彰化縣花壇鄉花壇鄉,2014/07/21 13:0至2014/12/31 23:59【每日上午4點30分至上午5點。預計停水1小時】,2014/12/31 23:59以後,04-7867970,2014/7/21~2015/1/1,515彰化縣大村鄉     504彰化縣秀水鄉     503彰化縣花壇鄉     
【區域1】彰化縣埔心鄉埤腳村、埤霞村,2014/07/21 13:0至2014/12/31 23:59【每日上午4點30分至上午5點。預計停水1小時】,2014/12/31 23:59以後,04-7867970,2014/7/21~2015/1/1,513彰化縣埔心鄉     
【區域3】彰化縣埔心鄉埤腳村、埤霞村,2014/07/21 13:0至2014/12/31 23:59 ,2014/12/31 23:59以後,04-7867970,2014/7/21~2015/1/1,513彰化縣埔心鄉     
【區域1】新北市五股區壟鉤路、民義路二段,2014/07/23 0:0至2014/07/23 9:0 ,2014/07/23 9:0以後,1910,2014/7/21~2014/7/24,248新北市五股區     
【區域1】新北市淡水區北新里;水碓里;崁頂里;新興里;新春里;新民里;八勢里、竿蓁里、水碓里、埤島里、北投里,2014/07/21 14:0至2014/07/22 5:0 ,2014/07/22 5:0以後,02-26212267,2014/7/21~2014/7/23,251新北市淡水區     
【區域1】宜蘭縣宜蘭市慶和街28號 到 162號,2014/07/25 13:0至2014/07/25 17:0 ,2014/07/25 17:0以後,039323255#23,2014/7/21~2014/7/26,260宜蘭縣宜蘭市     
【區域1】台南市仁德區新田路0號~218號;新田路1號~189號及巷弄;新田一街;新田路;新田一街,2014/07/22 8:0至2014/07/22 11:0 ,2014/07/22 11:0以後,,2014/7/21~2014/7/23,717台南市仁德區     
【區域1】桃園縣龜山鄉忠義路一段;大坑路二段;大坑路三段;大湖一路;大湖頂;大湖路;公園路;文七一街;文七九街;文七二街;文七三街;文七五街;文二一街;文二三街;文三一街;文三二街;文三三街;文山街;文化一路;文化七路;文化二路;文化三路;文化五路;文化東路;文化南路;文光街;文全街;文安街;文昌一街;文昌二街;文昌三街;文昌五街;文明一街;文明二街;文明三街;文明路;文東一街;文東三街;文東五街;文武街;文康街;文善街;文德二路;文德路;文興路;北油一區;北油路;西勢湖;西勢湖路;忠義路二段;忠義路三段;東方球場路;長庚一街;長庚七街;長庚九街;長庚二街;長庚八街;長庚十一街;長庚十二街;長庚十三街;長庚十五街;長庚十六街;長庚十四街;長庚十街;長庚三街;長庚五街;長庚六街;長庚四街;長庚球場路;長庚醫護新村;長青路;青山路二段;後厝;科技一路;科技七路;科技九路;科技二路;科技八路;科技三路;科技五路;科技六路;科技四路;苦苓林;風尾坑;員林坑;振興路;陳厝坑;頂湖;頂湖一街;頂湖七街;頂湖九街;頂湖二街;頂湖十一街;頂湖三街;頂湖五街;頂湖六街;頂湖路;復華新村;復興一路;復興二路;復興三路;復興北路;復興南路;復興街;復興街永樂巷;復興街宏聲巷;復興街金龍巷;華亞一路;華亞二路;華亞三路;華亞五路;華亞四路;華美一街;華美二街;新興一街;新興街;新興一街;福德巷;樟腦寮;樂善街;樂安街;樹人路;興華一街;興華二街;興華三街;興華五街;龜山一路(含全部巷弄),2014/07/22 9:50至2014/07/22 15:50 ,2014/07/22 15:50以後,0911898609,2014/7/21~2014/7/23,333桃園縣龜山鄉     
【區域1】台南市新營區中營里.土庫里.興安里,2014/07/25 9:0至2014/07/25 12:0【上午09時0分點至下午12時0分】,2014/7/25 12:0以後,066322240,2014/7/21~2014/7/26,730台南市新營區     
【區域3】台南市新營區工業街.開元路.東山路.土庫,2014/7/25 9:0至2014/7/25 12:0【上午09時0分至上午12時0分】,2014/7/25 12:0以後,066322240,2014/7/21~2014/7/26,730台南市新營區     
【區域1】台中市大雅區四德里;文雅里;大雅里;雅潭路四段;學府路;學府路大勇巷;學府路大智巷,2014/07/22 9:0至2014/07/22 17:0【上午9點至下午5點】,2014/7/22至2014/7/22每日下午 05:00以後,25661234,2014/7/21~2014/7/23,428台中市大雅區     
【區域2】台中市大雅區二和里;三和里;四德里;雅潭路四段;雅潭路三段,2014/07/22 9:0至2014/07/22 17:0【上午9點至下午5點】,2014/7/22至2014/7/22每日下午 05:00以後,25661234,2014/7/21~2014/7/23,428台中市大雅區     
【區域1】花蓮縣吉安鄉仁和村;吉安村;慶豐村;勝安村;北昌村;東昌村;永興村;花蓮縣秀林鄉水源村;花蓮縣花蓮市和平路;國盛一.二.三街;林森路;國民六街;沙基拉雅街;佐倉街;中美三街;中興路;民權路;花蓮縣新城鄉北埔村北埔路;大漢村華興街;佳林村;景美村加灣;花蓮縣壽豐鄉豐山村;豐坪村;溪口村,2014/07/21 5:0至2014/07/27 22:0【上午5點至8點;下午5點至10點】,2014/07/27 22:0以後,8325304,2014/7/21~2014/7/28,973花蓮縣吉安鄉     972花蓮縣秀林鄉     970花蓮縣花蓮市     971花蓮縣新城鄉     974花蓮縣壽豐鄉     
【區域1】新北市樹林區柑園街一.二段.佳園路.二.三段.西圳街.二段.田尾街,2014/07/21 20:0至2014/07/22 4:0 ,2014/07/22 4:0以後,26792527.26792224,2014/7/21~2014/7/23,238新北市樹林區     
【區域1】桃園縣大溪鎮永福里;鴻禧山莊,2014/07/21 19:0至2014/07/22 0:0 ,2014/07/22 0:0以後,4712002,2014/7/21~2014/7/23,335桃園縣大溪鎮     
【區域1】桃園縣桃園市春日路.健行路.健行街.鹽庫西街附近一帶,2014/07/21 19:4至2014/07/22 8:0 ,2014/07/22 8:0以後,,2014/7/21~2014/7/23,330桃園縣桃園市     
【區域1】雲林縣台西鄉全部村里,2014/07/21 22:0至2014/07/22 12:0【自103年7月21日22時00分起迄103年7月22日12止時00分止自103年7月21日22時00分起迄103年7月22日12止時00分止】,2014/07/22 12:0以後,06-6982250,2014/7/21~2014/7/23,636雲林縣台西鄉     
【區域1】新北市鶯歌區復興路480巷.隆恩街.三鶯路附近一帶,2014/07/21 10:30至2014/07/22 8:0 ,2014/07/22 8:0以後,,2014/7/21~2014/7/23,239新北市鶯歌區     
【區域1】台中市北區太原路一段;太原北路;華美街二段;漢口路三段;北平一街;北平二街;北平三街;北平四街;北平路一段;天津路一段;福壽街;漢陽街;漢陽西街;漢口南一街;漢口南二街;陜西二街;陜西三街;陜西四街;陜西五街;陜西六街;陜西七街;陜西八街;陜西東一街;陜西東二街;陜西東三街;陜西東四街;陜西東五街;太原一街;太原二街;太原三街;太原四街;太原五街;太原六街;太原七街;太原八街;太原九街;武漢街;武昌路;武昌南街;文心路三段;華美西街二段;陜西路 等附近,2014/07/21 16:31至2014/07/22 2:0 ,2014/07/22 2:0以後,22442469-1910,2014/7/21~2014/7/23,404台中市北區       
【區域1】高雄市前鎮區中華五路1361巷及修成街,2014/07/22 14:0至2014/07/22 17:0 ,2014/07/22 17:0以後,07-3312292-237,2014/7/22~2014/7/23,806高雄市前鎮區     
【區域1】宜蘭縣羅東鎮義成路三段590巷、南英巷、群英路48巷、興東南路41巷、義成路三段568巷、南興街、南寧路、南寧路32巷、南寧路11巷、南寧路14巷,2014/07/22 13:0至2014/07/22 17:0【下午13點至17點】,2014/7/22至2014/7/22每日下午 05:00以後,03-9589176#30,2014/7/22~2014/7/23,265宜蘭縣羅東鎮     
【區域1】嘉義縣阿里山鄉樂野村;達邦村,2014/07/22 8:10至2014/07/22 18:0 ,2014/07/22 18:0以後,05-2611075,2014/7/22~2014/7/23,605嘉義縣阿里山鄉   
【區域1】雲林縣四湖鄉湖西村;湖寮村;內湖村;四湖村;羊調村;溪尾村;下桂山;下湖巷;下寮路;中山西路;中山路;中正路;中湖街;中湖路;中溪尾;內湖;西洋路;東溪尾;南溪尾;建華路;頂桂山;頂湖巷;新溪尾;環湖西路,2014/07/22 9:0至2014/07/28 18:0【每日上午9時00分至下午18時00分】,2014/07/28 18:0以後,05-6982250,2014/7/22~2014/7/29,654雲林縣四湖鄉     
【區域1】屏東縣高樹鄉新南村;自強新村;源興路;新豐路;日新新村,2014/07/22 9:0至2014/07/22 12:30 ,2014/07/22 12:30以後,087963973,2014/7/22~2014/7/23,906屏東縣高樹鄉     
【區域1】台中市豐原區三村路,2014/07/22 9:30至2014/07/22 13:30 ,2014/07/22 13:30以後,04-25722643,2014/7/22~2014/7/23,420台中市豐原區     
【區域1】台中市神岡區社南里,2014/07/22 13:0至2014/07/22 16:0【2014/07/22  13:00~6:00】,2014/07/22 16:0以後,25262721,2014/7/22~2014/7/23,429台中市神岡區     
【區域1】台東縣蘭嶼鄉紅頭村,2014/07/22 12:0至2014/07/23 8:0 ,2014/07/23 8:0以後,0921637578 廖金桂,2014/7/22~2014/7/24,952台東縣蘭嶼鄉     
【區域1】高雄市美濃區泰安里、瀰濃里、中圳及福安四里皆受影響。,2014/07/22 9:0至2014/07/22 12:0 ,2014/07/22 12:0以後,0933376319,2014/7/22~2014/7/23,843高雄市美濃區     
【區域1】高雄市林園區鳳芸二路87號旁(漁港路上方圓500m,2014/07/22 10:0至2014/07/22 18:0 ,2014/07/22 18:0以後,7882410,2014/7/22~2014/7/23,832高雄市林園區     
【區域1】高雄市美濃區民生路一帶皆受影響。,2014/07/22 9:0至2014/07/22 20:0 ,2014/07/22 20:0以後,0933688276,2014/7/22~2014/7/23,843高雄市美濃區     
【區域1】南投縣埔里鎮泰安里，和平東路,2014/07/22 9:15至2014/07/22 12:15 ,2014/07/22 12:15以後,049-2915176,2014/7/22~2014/7/23,545南投縣埔里鎮     
【區域1】桃園縣中壢市榮安三街、榮安五街,2014/07/22 9:25至2014/07/22 14:0 ,2014/07/22 14:0以後,4251506,2014/7/22~2014/7/23,320桃園縣中壢市     
【區域1】彰化縣田中鎮中山街;居仁街;東閔路二段;東閔路三段;新聖路;懷德街;寶樹街,2014/07/22 9:30至2014/07/22 15:30 ,2014/07/22 15:30以後,8793277,2014/7/22~2014/7/23,520彰化縣田中鎮     
【區域1】高雄市左營區自由四路452巷附近一帶,2014/07/22 9:20至2014/07/22 11:20 ,2014/07/22 11:20以後,07-7321319,2014/7/22~2014/7/23,813高雄市左營區     
【區域1】桃園縣中壢市月眉路三段、月眉里,2014/07/22 9:25至2014/07/22 14:0 ,2014/07/22 14:0以後,4251506,2014/7/22~2014/7/23,320桃園縣中壢市     
【區域1】彰化縣員林鎮員水路二段，大同路一段，浮圳路二段，石笱碑圳，三條街，忠孝街，成功東路，員東路二、三段，三民東街，和平東街，成功路，合作街，自強街，建國路，明德街，實踐街及各沿線巷弄等附近範圍。,2014/07/22 9:0至2014/07/22 18:0 ,2014/07/22 18:0以後,1910   員林營運所04-8320083   04-8321341,2014/7/22~2014/7/23,510彰化縣員林鎮     
【區域3】彰化縣員林鎮員水路二段，大同路一段，浮圳路二段，石笱碑圳，三條街，忠孝街，成功東路，員東路二、三段，三民東街，和平東街，成功路，合作街，自強街，建國路，明德街，實踐街及各沿線巷弄等附近範圍。,2014/07/22 9:0至2014/07/22 18:0 ,2014/07/22 18:0以後,1910   員林營運所04-8320083   04-8321341,2014/7/22~2014/7/23,510彰化縣員林鎮     
【區域1】台南市安南區公學路4段.12佃路,2014/07/22 9:0至2014/07/22 18:0 ,2014/07/22 18:0以後,06-3036097,2014/7/22~2014/7/23,709台南市安南區     
【區域1】新竹市北區經國路二段;西大路;水壓略低地區：國光街;愛文街;竹光路;國光街,2014/07/22 9:20至2014/07/22 12:30 ,2014/07/22 12:30以後,1910、新竹給水廠 03-5733523、新竹服務所 03-5714321,2014/7/22~2014/7/23,300新竹市北區       
【區域1】高雄市大社區中山路與翠屏路中正路,2014/07/22 9:32至2014/07/22 13:58 ,2014/07/22 13:58以後,3513332.3513501,2014/7/22~2014/7/23,815高雄市大社區     
【區域1】新竹市北區中正路;水壓略低地區：鐵道路三段;境福街;竹文街;成功路;武陵路;竹光路;東大路二段;,2014/07/22 9:25至2014/07/22 13:0 ,2014/07/22 13:0以後,1910、新竹給水廠 03-5733523、新竹服務所 03-5714321,2014/7/22~2014/7/23,300新竹市北區       
【區域1】高雄市仁武區鳳仁路,2014/07/22 9:36至2014/07/22 17:50 ,2014/7/22至2014/7/22每日下午 05:50以後,3513332.3513501,2014/7/22~2014/7/23,814高雄市仁武區     
【區域1】雲林縣斗南鎮中山路,2014/07/22 9:40至2014/07/22 15:0 ,2014/07/22 15:0以後,05-5972682:手機:0912129499,2014/7/22~2014/7/23,630雲林縣斗南鎮     
【區域1】嘉義市西區垂楊路南側自新民路起至民生南路止沿線所有用戶;民族路以南興業路以北,2014/07/22 10:0至2014/07/22 18:0【本日上午10時至下午18時止】,2014/07/22 18:0以後,05-2252670分機314,2014/7/22~2014/7/23,600嘉義市西區       
【區域1】台中市北屯區精美路(全部)，鵬儀路(全部)，儀東路(全部)，建成街(全部)，正誠街(全部)，建祥街(全部)，建功街(全部)，健和街(全部)，建興路(全部)，太平六街(全部)，太平十街(全部)，太平十二街(全部)，太平十八街(全部)等附近一帶,2014/07/22 10:10至2014/07/22 15:0 ,2014/07/22 15:0以後,22442469、1910,2014/7/22~2014/7/23,406台中市北屯區     
【區域1】彰化縣員林鎮中山路一段，田中央巷及各沿線巷弄等附近範圍。,2014/07/22 10:0至2014/07/22 16:0 ,2014/07/22 16:0以後,1910   員林營運所04-8320083   04-8321341,2014/7/22~2014/7/23,510彰化縣員林鎮     
【區域1】新北市五股區中直路;崩山巷,2014/07/21 10:0至2014/07/23 20:0 ,2014/07/23 20:0以後,29097480,2014/7/22~2014/7/24,248新北市五股區     
【區域1】雲林縣台西鄉和豐村;永豐村;富琦村;五港路;民族路;民生路;民權路;海北村;忠孝路;公館;崙豐路;海產路,2014/07/22 10:30至2014/07/22 15:30【上午10點30分至15點30分】,2014/07/22 15:30以後,05-6982250,2014/7/22~2014/7/23,636雲林縣台西鄉     
【區域1】桃園縣大園鄉大豐一街、大豐二街、大豐三街、大豐四街、大仁路、大成路二段、,2014/07/22 10:30至2014/07/22 13:30 ,2014/07/22 13:30以後,03-4251506,2014/7/22~2014/7/23,337桃園縣大園鄉     
【區域1】新竹市東區建功一路;建中路;赤土崎一街~二街;建新路;建美路;水壓略低地區：建新路;建功路;公道五路二段;光復路二段;建中一路;新源街;水源街;建功二路,2014/07/22 10:20至2014/07/22 14:30 ,2014/07/22 14:30以後,1910、新竹給水廠 03-5733523、新竹服務所 03-5714321,2014/7/22~2014/7/23,300新竹市東區       
【區域1】高雄市永安區保安路;保興一路,2014/07/21 9:0至2014/07/24 18:30【每日上午8點至下午6點30分】,2014/07/24 18:30以後,07-6934819,2014/7/22~2014/7/25,828高雄市永安區     
【區域1】台南市永康區埔園街308號;306號,2014/07/22 10:30至2014/07/22 12:30 ,2014/07/22 12:30以後,06-2325714,2014/7/22~2014/7/23,710台南市永康區     
【區域1】台中市太平區中山路四段55巷，中山路四段(全部)，精武東路(全部)，樹德路(全部)等附近一帶,2014/07/22 9:55至2014/07/22 14:30 ,2014/07/22 14:30以後,22442469、1910,2014/7/22~2014/7/23,411台中市太平區     
【區域1】新北市樹林區保安街二段201-213號、光華街、光榮街、光興街全部,2014/07/22 10:10至2014/07/22 11:30 ,2014/07/22 11:30以後,02-26812254,2014/7/22~2014/7/23,238新北市樹林區     
【區域1】南投縣埔里鎮牛眠里，史港里,2014/07/22 11:40至2014/07/22 14:40 ,2014/07/22 14:40以後,0492915176,2014/7/22~2014/7/23,545南投縣埔里鎮     
【區域1】花蓮縣壽豐鄉溪口村;樹湖村;牧場,2014/07/22 13:0至2014/07/22 17:0 ,2014/07/22 17:0以後,03-8325304,2014/7/22~2014/7/23,974花蓮縣壽豐鄉     
【區域1】雲林縣莿桐鄉埔子村;埔子;埔子村,2014/07/09 8:0至2014/07/25 18:0【每日上午8點至下午6點】,2014/07/25 18:0以後,05-5862163,2014/7/22~2014/7/26,647雲林縣莿桐鄉     
【區域1】南投縣中寮鄉義和村永平路、南鄉路2巷(賓士名人別墅),2014/07/22 8:40至2014/07/22 15:0 ,2014/07/22 15:0以後,2222635,2014/7/22~2014/7/23,541南投縣中寮鄉     
【區域1】台南市仁德區成功二街含巷弄200戶,2014/07/22 12:30至2014/07/22 14:0 ,2014/07/22 14:0以後,,2014/7/22~2014/7/23,717台南市仁德區     
【區域1】高雄市茂林區茂林里,2014/07/22 14:40至2014/07/22 17:30 ,2014/07/22 17:30以後,087963973,2014/7/22~2014/7/23,851高雄市茂林區     
【區域1】嘉義縣中埔鄉鹽館村;灣潭村,2014/07/22 13:24至2014/07/22 18:0 ,2014/07/22 18:0以後,05-2611075,2014/7/22~2014/7/23,606嘉義縣中埔鄉     
【區域1】基隆市中正區平一路;平二路;平三路;和一路;和二路;和平街,2014/07/22 13:30至2014/07/22 15:30【於7月22日下午1點30分至3點30分】,2014/07/22 15:30以後,24252103-59,2014/7/22~2014/7/23,202基隆市中正區     
【區域1】高雄市楠梓區 土庫北路,2014/07/22 13:58至2014/07/22 16:59 ,2014/07/22 16:59以後,3513332.3513501,2014/7/22~2014/7/23,811高雄市楠梓區     
【區域1】台南市永康區中山南路952~1118號雙號側(含巷弄)。,2014/07/23 8:30至2014/07/30 17:30【每日上午8點30分至下午5點30分】,2014/7/23至2014/7/30每日下午 05:30以後,1910    06-2325714,2014/7/22~2014/7/31,710台南市永康區     
【區域3】台南市永康區1.永康街1~79號單號側。;2.永康街2~80號雙號側。,2014/07/23 8:30至2014/07/30 17:30【每日上午8點30分至下午5點30分】,2014/7/23至2014/7/30每日下午 05:30以後,1910    06-2325714,2014/7/22~2014/7/31,710台南市永康區     
【區域1】台南市永康區中山南路952~1118號雙號側(含巷弄)。,2014/07/23 8:30至2014/07/30 17:30【每日上午8點30分至下午5點30分】,2014/7/23至2014/7/30每日下午 05:30以後,1910    06-2325714,2014/7/22~2014/7/31,710台南市永康區     
【區域3】台南市永康區1.永康街1~79號單號側。;2.永康街2~80號雙號側。,2014/07/23 8:30至2014/07/30 17:30【每日上午8點30分至下午5點30分】,2014/7/23至2014/7/30每日下午 05:30以後,1910    06-2325714,2014/7/22~2014/7/31,710台南市永康區     
【區域1】高雄市內門區石坑里;溝坪里;永興里;永吉里;內門里;金竹里;光興里;永富里,2014/07/22 8:0至2014/07/22 19:0 ,2014/07/22 19:0以後,07-6613807,2014/7/22~2014/7/23,845高雄市內門區     
【區域1】台南市東區府連東路,2014/07/22 14:30至2014/07/22 18:0 ,2014/07/22 18:0以後,06-3036097,2014/7/22~2014/7/23,701台南市東區       
【區域1】新北市樹林區武林街6~16-1號、7~17號；樹潭街3-1號、3-2號、9號,2014/07/25 9:0至2014/07/25 18:0【每日上午9點至下午6點】,2014/07/25 18:0以後,(02)2681-2254,2014/7/22~2014/7/26,238新北市樹林區     
【區域1】新北市樹林區中正路106~212號(雙號側),2014/07/25 9:0至2014/07/25 18:0【每日上午9點至下午6點】,2014/07/25 18:0以後,(02)2681-2254,2014/7/22~2014/7/26,238新北市樹林區     
【區域1】彰化縣社頭鄉建國路.仁愛二路.仁愛三路.育英路.廣興巷.社斗路.中山路一段全部,2014/07/21 8:0至2014/07/22 18:0 ,2014/07/22 18:0以後,8793211.8793277,2014/7/22~2014/7/23,511彰化縣社頭鄉     
【區域1】台南市新營區新太路24巷一帶,2014/07/22 15:5至2014/07/22 19:0【下午15時5分至19時0分】,2014/07/22 19:0以後,06-6322240,2014/7/22~2014/7/23,730台南市新營區     
【區域1】桃園縣中壢市松江北路、松江南路、定寧路、吉林北路、合圳北路、定安路等路段鄰近區域將有水壓降低或無水的狀況發生,2014/07/22 14:0至2014/07/22 18:0 ,2014/07/22 18:0以後,03-4251506,2014/7/22~2014/7/23,320桃園縣中壢市     
【區域1】台南市北區文賢一路,2014/07/22 15:0至2014/07/22 19:0 ,2014/07/22 19:0以後,06-3036097,2014/7/22~2014/7/23,704台南市北區       
【區域1】台中市西屯區環中路一段;清武巷;中清路中美巷;同志巷;中清路三段;信和街;西村路;龍善街;等附近,2014/07/22 15:6至2014/07/22 22:0 ,2014/07/22 22:0以後,22442469-1910,2014/7/22~2014/7/23,407台中市西屯區     
【區域1】南投縣名間鄉內寮巷、中庄巷、口寮巷,2014/07/22 15:10至2014/07/22 19:0 ,2014/07/22 19:0以後,0492222635;1910,2014/7/22~2014/7/23,551南投縣名間鄉     
【區域1】台南市新化區護國里;護安街;信義路;大同街;中山路,2014/07/22 15:20至2014/07/22 17:30 ,2014/07/22 17:30以後,06-5973437,2014/7/22~2014/7/23,712台南市新化區     
【區域1】台中市潭子區中山路一段,2014/07/22 13:50至2014/07/22 19:50 ,2014/07/22 19:50以後,04-25722643,2014/7/22~2014/7/23,427台中市潭子區     
【區域1】台中市太平區中山路四段55巷，中山路四段(全部)，精武東路(全部)，樹德路(全部)等附近一帶,2014/07/22 15:45至2014/07/22 19:0 ,2014/07/22 19:0以後,22442469、1910,2014/7/22~2014/7/23,411台中市太平區     
【區域1】台南市北區育德二路,2014/07/22 15:30至2014/07/22 19:0 ,2014/07/22 19:0以後,06-3036097,2014/7/22~2014/7/23,704台南市北區       
【區域1】雲林縣林內鄉九芎村,2014/07/22 15:40至2014/07/22 18:30 ,2014/07/22 18:30以後,0912129526,2014/7/22~2014/7/23,643雲林縣林內鄉     
【區域1】台南市東山區聖賢里全部(水壓降低);台南市後壁區後壁區全部(水壓降低),2014/07/25 9:0至2014/07/25 12:0 ,2014/07/25 12:0以後,06-6852135,2014/7/22~2014/7/26,733台南市東山區     731台南市後壁區     
【區域1】嘉義縣溪口鄉柴林村柴林腳1號-1~1號-39、林腳村柴林腳200號~250號,2014/07/22 16:30至2014/07/22 19:0 ,2014/07/22 19:0以後,05-3742044,2014/7/22~2014/7/23,623嘉義縣溪口鄉     
【區域1】苗栗縣造橋鄉豐湖村  及 後龍鎮校椅里,2014/07/22 13:30至2014/07/22 18:30 ,2014/07/22 18:30以後,623500    628000,2014/7/22~2014/7/23,361苗栗縣造橋鄉     
【區域1】台中市大里區大明路317巷(全部)，大明路(全部)，東興路(全部)，永興路(全部)，東明路(全部)，國光路二段(全部)等附近一帶,2014/07/22 16:40至2014/07/22 20:0 ,2014/07/22 20:0以後,22442469、1910,2014/7/22~2014/7/23,412台中市大里區     
【區域1】新竹市東區田美三街;水壓略低地區：經國路一段;光華東一街~二街;光華東街;光華南街;鐵道路二段;光華北街;,2014/07/22 16:30至2014/07/22 19:30 ,2014/07/22 19:30以後,1910、新竹給水廠 03-5733523、新竹服務所 03-5714321,2014/7/22~2014/7/23,300新竹市東區       
【區域1】台中市西屯區工業區十五路;工業區十三路;工業區十四路;工業區十六路;工業區十七路 等附近,2014/07/22 15:2至2014/07/22 22:0 ,2014/07/22 22:0以後,22442469-1910,2014/7/22~2014/7/23,407台中市西屯區     
【區域1】台中市神岡區社南街、社口街、昌平路五段、中山路,2014/07/22 17:0至2014/07/22 19:0 ,2014/07/22 19:0以後,04-25722643,2014/7/22~2014/7/23,429台中市神岡區     
【區域1】嘉義縣中埔鄉三層村;同仁村;深坑村,2014/07/14 9:0至2014/07/31 21:0【每日上午8點至下午7點】,2014/07/31 21:0以後,05-2611075,2014/7/22~2014/8/1,606嘉義縣中埔鄉     
【區域1】桃園縣楊梅市大成路;梅山西街;梅山東街;大模街;楊新路;新成路,2014/07/22 12:0至2014/07/22 21:30 ,2014/07/22 21:30以後,03-4789261,2014/7/22~2014/7/23,326桃園縣楊梅市     
【區域1】嘉義縣中埔鄉三層村;深坑村,2014/07/22 14:43至2014/07/22 22:30 ,2014/07/22 22:30以後,2611075;2530774,2014/7/22~2014/7/23,606嘉義縣中埔鄉     
【區域1】花蓮縣吉安鄉山下五街;山下四街;山下路;吉安路六段博愛新村;正德街干城二街,2014/07/22 17:0至2014/07/22 23:50 ,2014/07/22 23:50以後,8325304,2014/7/22~2014/7/23,973花蓮縣吉安鄉     
【區域1】高雄市大寮區光明路一段678號方圓500m,2014/07/22 17:35至2014/07/22 22:0 ,2014/07/22 22:0以後,7882410,2014/7/22~2014/7/23,831高雄市大寮區     
【區域1】台中市大雅區上雅里;大雅里;雅潭路四段,2014/07/23 9:0至2014/07/26 17:0【每日上午9點至下午5點】,2014/7/23至2014/7/26每日下午 05:00以後,25661234,2014/7/22~2014/7/27,428台中市大雅區     
【區域2】台中市大雅區三和里;二和里;雅潭路;雅潭路三段;雅潭路四段,2014/07/23 9:0至2014/07/26 17:0【每日上午9點至下午7點】,2014/7/23至2014/7/26每日下午 05:00以後,25661234,2014/7/22~2014/7/27,428台中市大雅區     
【區域1】台南市佳里區一、佳里區建中街45號至88號。;二、佳里區博愛街61巷、72巷。,2014/07/22 8:0至2014/07/23 19:30【每日上午8點至下午6點】,2014/7/22至2014/7/23每日下午 07:30以後,06-7222477,2014/7/22~2014/7/24,722台南市佳里區     
【區域1】宜蘭縣羅東鎮文化街1至17號、文化街1巷、興東南路115巷、南寧路、南寧路32巷、南寧路11巷、南寧路14巷、南寧路29巷,2014/07/25 13:0至2014/07/25 17:0【下午13點至17點】,2014/7/25至2014/7/25每日下午 05:00以後,03-9589176#30,2014/7/22~2014/7/26,265宜蘭縣羅東鎮     
【區域1】花蓮縣壽豐鄉月眉村;平和村;光榮村;共和村;池南村;志學村;溪口村;壽豐村;樹湖村;豐山村;豐坪村;豐裡村;鹽寮村,2014/07/22 20:30至2014/07/22 23:30 ,2014/07/22 23:30以後,8325304,2014/7/22~2014/7/23,974花蓮縣壽豐鄉     
【區域1】花蓮縣玉里鎮全部村里;花蓮縣富里鄉全部村里,2014/07/23 0:45至2014/07/23 10:0 ,2014/07/23 10:0以後,,2014/7/23~2014/7/24,981花蓮縣玉里鎮     983花蓮縣富里鄉     
【區域1】花蓮縣瑞穗鄉鶴岡、瑞美、瑞良、瑞穗較低窪地區,2014/07/23 7:0至2014/07/23 10:0 ,2014/07/23 10:0以後,,2014/7/23~2014/7/24,978花蓮縣瑞穗鄉     
【區域1】台中市北屯區遼寧路、北屯路、松明街、松竹路、松義街、北興街、北新路附近一帶,2014/07/23 9:40至2014/07/23 16:40 ,2014/07/23 16:40以後,,2014/7/23~2014/7/24,406台中市北屯區     
【區域1】花蓮縣豐濱鄉全鄉,2014/07/23 10:35至2014/07/23 17:30 ,2014/07/23 17:30以後,,2014/7/23~2014/7/24,977花蓮縣豐濱鄉     
【區域1】桃園縣大溪鎮新峰里;桃園縣復興鄉中正路,2014/07/23 7:0至2014/07/23 13:0 ,2014/07/23 13:0以後,,2014/7/23~2014/7/24,335桃園縣大溪鎮     336桃園縣復興鄉     
【區域1】桃園縣大溪鎮頭寮.百吉.三民(附近一帶都無水),2014/07/23 7:20至2014/07/23 12:0 ,2014/07/23 12:0以後,,2014/7/23~2014/7/24,335桃園縣大溪鎮     
【區域1】桃園縣龍潭鄉梅龍一街與梅龍二街全,2014/07/23 9:30至2014/07/23 12:0 ,2014/07/23 12:0以後,,2014/7/23~2014/7/24,325桃園縣龍潭鄉     
【區域1】花蓮縣豐濱鄉豐濱鄉全,2014/07/23 10:35至2014/07/23 17:30 ,2014/07/23 17:30以後,,2014/7/23~2014/7/24,977花蓮縣豐濱鄉     
【區域1】新竹縣橫山鄉全部村里;內灣村;內灣;豐田村,2014/07/23 8:40至2014/07/23 15:0 ,2014/07/23 15:0以後,035-963359,2014/7/23~2014/7/24,312新竹縣橫山鄉     
【區域1】苗栗縣苑裡鎮蕉埔里,2014/07/23 8:30至2014/07/23 10:16 ,2014/07/23 10:16以後,免費客服專線1910；通霄銅鑼營運所037-986206,2014/7/23~2014/7/24,358苗栗縣苑裡鎮     
【區域1】苗栗縣銅鑼鄉新隆村、盛隆村、興隆村,2014/07/22 21:50至2014/07/23 17:0 ,2014/07/23 17:0以後,037-986206,2014/7/23~2014/7/24,366苗栗縣銅鑼鄉     
【區域1】南投縣仁愛鄉大同村的高峰巷及介壽亭,2014/07/23 8:40至2014/07/23 16:0 ,2014/07/23 16:0以後,049-2915176,2014/7/23~2014/7/24,546南投縣仁愛鄉     
【區域1】台中市北屯區松竹路;遼寧路;北屯路;松義街;北新路;北新街;松明街等附近一帶,2014/07/23 9:40至2014/07/23 16:40 ,2014/07/23 16:40以後,1910,2014/7/23~2014/7/24,406台中市北屯區     
【區域1】台南市玉井區中正路;焦吧哖東路;工業街,2014/07/23 8:30至2014/07/23 13:30 ,2014/07/23 13:30以後,06-5742323,2014/7/23~2014/7/24,714台南市玉井區     
【區域1】高雄市甲仙區寶隆里，通山巷,2014/07/23 9:0至2014/07/23 18:0 ,2014/07/23 18:0以後,,2014/7/23~2014/7/24,847高雄市甲仙區     
【區域1】宜蘭縣三星鄉家福新村;春福二村;春福二村(免費服務專線0910.廣興給水廠服務專線039510028);宜蘭縣大同鄉寒溪村;宜蘭縣冬山鄉大進村,2014/07/23 7:0至2014/07/23 17:0 ,2014/07/23 17:0以後,0937849872(免費服務專線0910.廣興給水廠服務專線039510028),2014/7/23~2014/7/24,266宜蘭縣三星鄉     267宜蘭縣大同鄉     269宜蘭縣冬山鄉     
【區域1】花蓮縣豐濱鄉港口村;豐濱村;新社村,2014/07/23 7:30至2014/07/23 12:0 ,2014/07/23 12:0以後,,2014/7/23~2014/7/24,977花蓮縣豐濱鄉     
【區域1】花蓮縣瑞穗鄉富源村;大富村;復興村,2014/07/23 7:30至2014/07/23 12:0 ,2014/07/23 12:0以後,,2014/7/23~2014/7/24,978花蓮縣瑞穗鄉     
【區域1】花蓮縣光復鄉沙荖、東富、南富、富田,2014/07/23 9:0至2014/07/23 17:0 ,2014/07/23 17:0以後,,2014/7/23~2014/7/24,976花蓮縣光復鄉     
【區域1】花蓮縣吉安鄉平和村;光榮村;共和村;池南村;志學村;溪口村;壽豐村;樹湖村;豐山村;豐坪村;豐裡村,2014/07/23 1:0至2014/07/23 9:0 ,2014/07/23 9:0以後,03-8351141,2014/7/23~2014/7/24,973花蓮縣吉安鄉     
【區域1】花蓮縣秀林鄉崇德村;富世村,2014/07/23 8:0至2014/07/23 19:0 ,2014/07/23 19:0以後,03-8351141,2014/7/23~2014/7/24,972花蓮縣秀林鄉     
【區域1】花蓮縣吉安鄉山下五街;山下四街;山下路;吉安路六段;博愛新村;正德街;干城二街,2014/07/23 8:0至2014/07/23 11:0 ,2014/07/23 11:0以後,03-8351141,2014/7/23~2014/7/24,973花蓮縣吉安鄉     
【區域1】花蓮縣吉安鄉福興村;吉興一街;稻香三街;永興九街;吉昌二街;吉昌三街;吉昌一街;福興路;福興五街;舊村六街;福興六街;舊村一街;福昌三街;福興七街;福昌路;華興一街;吉安路三段,2014/07/23 9:0至2014/07/23 17:0 ,2014/07/23 17:0以後,03-8351141,2014/7/23~2014/7/24,973花蓮縣吉安鄉     
【區域1】花蓮縣秀林鄉崇德村,2014/07/23 9:30至2014/07/23 17:0 ,2014/07/23 17:0以後,03-8351141,2014/7/23~2014/7/24,972花蓮縣秀林鄉     
【區域1】台東縣鹿野鄉瑞豐村,2014/07/23 10:0至2014/07/23 17:0 ,2014/07/23 17:0以後,089-862625,2014/7/23~2014/7/24,955台東縣鹿野鄉     
【區域1】台東縣鹿野鄉瑞豐村;鹿野村,2014/07/23 10:0至2014/07/23 17:0 ,2014/07/23 17:0以後,,2014/7/23~2014/7/24,955台東縣鹿野鄉     
【區域1】新北市土城區青雲路.石門路,2014/07/23 8:46至2014/07/23 14:0 ,2014/07/23 14:0以後,02-29968961,2014/7/23~2014/7/24,236新北市土城區     
【區域1】新北市鶯歌區三鶯路29巷,2014/07/23 9:0至2014/07/23 17:0 ,2014/07/23 17:0以後,26792527.26792224,2014/7/23~2014/7/24,239新北市鶯歌區     
【區域1】新北市土城區青雲路、石門路,2014/07/23 8:30至2014/07/23 15:0 ,2014/07/23 15:0以後,,2014/7/23~2014/7/24,236新北市土城區     
【區域1】高雄市甲仙區寶隆里，通仙巷,2014/07/23 9:0至2014/07/23 18:0 ,2014/07/23 18:0以後,,2014/7/23~2014/7/24,847高雄市甲仙區     
【區域1】花蓮縣吉安鄉干城村;南華村,2014/07/23 11:30至2014/07/23 14:0 ,2014/07/23 14:0以後,8325304,2014/7/23~2014/7/24,973花蓮縣吉安鄉     
